profit_target,stop_loss,exit_time,iv_momentum_threshold,trades,total_return,sharpe,profit_factor,max_drawdown,win_rate,avg_win,avg_loss,cagr,sharpe_valid,pf_valid
0.03,0.04,11:30:00,0.0,96,-0.0235,-10.5284,0.2205,-0.0235,0.25,276.76,-418.42,-0.0162,-10.5284,0.2205
0.03,0.04,11:30:00,0.003,82,-0.0205,-10.5893,0.2171,-0.0205,0.2561,270.41,-428.78,-0.0141,-10.5893,0.2171
0.03,0.04,11:30:00,0.005,73,-0.0179,-10.6231,0.2154,-0.0181,0.2603,259.25,-423.47,-0.0124,-10.6231,0.2154
0.03,0.04,11:30:00,0.01,54,-0.0135,-10.2682,0.2313,-0.0136,0.2593,290.39,-439.46,-0.0093,-10.2682,0.2313
0.03,0.04,12:00:00,0.0,96,-0.0242,-10.3633,0.2209,-0.0241,0.2604,274.01,-436.67,-0.0166,-10.3633,0.2209
0.03,0.04,12:00:00,0.003,82,-0.0209,-10.4,0.2199,-0.0209,0.2683,267.57,-446.24,-0.0144,-10.4,0.2199
0.03,0.04,12:00:00,0.005,73,-0.0178,-10.1771,0.2239,-0.0179,0.274,256.68,-432.55,-0.0122,-10.1771,0.2239
0.03,0.04,12:00:00,0.01,54,-0.0129,-9.4006,0.2492,-0.0131,0.2778,284.88,-439.67,-0.0089,-9.4006,0.2492
0.03,0.04,13:00:00,0.0,96,-0.0276,-11.3853,0.2032,-0.0276,0.2604,281.72,-488.19,-0.019,-11.3853,0.2032
0.03,0.04,13:00:00,0.003,82,-0.024,-11.4401,0.2024,-0.0239,0.2683,276.34,-500.54,-0.0165,-11.4401,0.2024
0.03,0.04,13:00:00,0.005,73,-0.0199,-11.0504,0.2115,-0.0199,0.274,266.33,-475.27,-0.0137,-11.0504,0.2115
0.03,0.04,13:00:00,0.01,54,-0.0145,-10.3463,0.2338,-0.0146,0.2778,294.75,-484.96,-0.01,-10.3463,0.2338
0.03,0.04,14:00:00,0.0,96,-0.0288,-11.4754,0.2071,-0.0291,0.25,313.11,-503.94,-0.0198,-11.4754,0.2071
0.03,0.04,14:00:00,0.003,82,-0.0253,-11.6652,0.2055,-0.0257,0.2561,311.95,-522.5,-0.0175,-11.6652,0.2055
0.03,0.04,14:00:00,0.005,73,-0.0212,-11.2587,0.2151,-0.0215,0.2603,305.15,-499.25,-0.0146,-11.2587,0.2151
0.03,0.04,14:00:00,0.01,54,-0.0157,-10.9627,0.2245,-0.0158,0.2778,303.74,-520.43,-0.0108,-10.9627,0.2245
0.03,0.04,14:45:00,0.0,96,-0.0303,-11.7689,0.1991,-0.0307,0.25,314.25,-526.17,-0.0209,-11.7689,0.1991
0.03,0.04,14:45:00,0.003,82,-0.0259,-11.904,0.2018,-0.0262,0.2439,327.44,-523.52,-0.0179,-11.904,0.2018
0.03,0.04,14:45:00,0.005,73,-0.0217,-11.5243,0.2104,-0.0221,0.2466,321.99,-500.83,-0.015,-11.5243,0.2104
0.03,0.04,14:45:00,0.01,54,-0.0159,-11.0397,0.2228,-0.016,0.2593,325.28,-510.99,-0.0109,-11.0397,0.2228
0.03,0.06,11:30:00,0.0,96,-0.024,-10.2578,0.2165,-0.0245,0.25,276.76,-426.03,-0.0166,-10.2578,0.2165
0.03,0.06,11:30:00,0.003,82,-0.0211,-10.2174,0.212,-0.0216,0.2561,270.41,-439.2,-0.0145,-10.2174,0.212
0.03,0.06,11:30:00,0.005,73,-0.0183,-10.175,0.2125,-0.0188,0.2603,259.25,-429.29,-0.0126,-10.175,0.2125
0.03,0.06,11:30:00,0.01,54,-0.014,-9.9774,0.2254,-0.0145,0.2593,290.39,-450.92,-0.0096,-9.9774,0.2254
0.03,0.06,12:00:00,0.0,96,-0.0254,-10.2114,0.2126,-0.0257,0.2604,274.01,-453.72,-0.0175,-10.2114,0.2126
0.03,0.06,12:00:00,0.003,82,-0.022,-10.1313,0.2113,-0.0223,0.2683,267.57,-464.39,-0.0151,-10.1313,0.2113
0.03,0.06,12:00:00,0.005,73,-0.0182,-9.8392,0.2199,-0.0186,0.274,256.68,-440.39,-0.0125,-9.8392,0.2199
0.03,0.06,12:00:00,0.01,54,-0.0132,-9.1132,0.2449,-0.0138,0.2778,284.88,-447.42,-0.0091,-9.1132,0.2449
0.03,0.06,13:00:00,0.0,96,-0.0288,-10.5949,0.2126,-0.0295,0.2708,299.16,-522.73,-0.0199,-10.5949,0.2126
0.03,0.06,13:00:00,0.003,82,-0.0246,-10.4524,0.217,-0.0254,0.2805,296.28,-532.28,-0.0169,-10.4524,0.217
0.03,0.06,13:00:00,0.005,73,-0.0216,-11.0849,0.1982,-0.0219,0.274,266.33,-507.13,-0.0148,-11.0849,0.1982
0.03,0.06,13:00:00,0.01,54,-0.0157,-10.4619,0.2196,-0.0162,0.2778,294.75,-516.27,-0.0108,-10.4619,0.2196
0.03,0.06,14:00:00,0.0,96,-0.0307,-10.7426,0.2118,-0.0318,0.2604,329.98,-548.67,-0.0212,-10.7426,0.2118
0.03,0.06,14:00:00,0.003,82,-0.0266,-10.7178,0.2149,-0.0282,0.2683,331.18,-565.16,-0.0184,-10.7178,0.2149
0.03,0.06,14:00:00,0.005,73,-0.023,-11.1757,0.2013,-0.024,0.2603,305.15,-533.42,-0.0159,-11.1757,0.2013
0.03,0.06,14:00:00,0.01,54,-0.0169,-10.7559,0.212,-0.0177,0.2778,303.74,-551.1,-0.0117,-10.7559,0.212
0.03,0.06,14:45:00,0.0,96,-0.0323,-10.9708,0.205,-0.0338,0.2708,320.12,-580.06,-0.0223,-10.9708,0.205
0.03,0.06,14:45:00,0.003,82,-0.0279,-10.9669,0.2081,-0.0298,0.2683,333.17,-586.93,-0.0192,-10.9669,0.2081
0.03,0.06,14:45:00,0.005,73,-0.0242,-11.4113,0.1942,-0.0254,0.2603,307.46,-557.06,-0.0167,-11.4113,0.1942
0.03,0.06,14:45:00,0.01,54,-0.0177,-10.8103,0.206,-0.0187,0.2778,306.67,-572.52,-0.0122,-10.8103,0.206
0.03,0.08,11:30:00,0.0,96,-0.0245,-10.2124,0.2131,-0.025,0.25,276.76,-432.95,-0.0169,-10.2124,0.2131
0.03,0.08,11:30:00,0.003,82,-0.0215,-10.1244,0.2092,-0.0219,0.2561,270.41,-444.95,-0.0148,-10.1244,0.2092
0.03,0.08,11:30:00,0.005,73,-0.0192,-10.0901,0.2045,-0.0197,0.2603,259.25,-445.96,-0.0132,-10.0901,0.2045
0.03,0.08,11:30:00,0.01,54,-0.0149,-9.93,0.2147,-0.0154,0.2593,290.39,-473.42,-0.0102,-9.93,0.2147
0.03,0.08,12:00:00,0.0,96,-0.0256,-10.1377,0.2113,-0.0259,0.2604,274.01,-456.63,-0.0176,-10.1377,0.2113
0.03,0.08,12:00:00,0.003,82,-0.022,-9.9989,0.2108,-0.0223,0.2683,267.57,-465.36,-0.0152,-9.9989,0.2108
0.03,0.08,12:00:00,0.005,73,-0.019,-9.8112,0.2123,-0.0194,0.274,256.68,-456.25,-0.0131,-9.8112,0.2123
0.03,0.08,12:00:00,0.01,54,-0.014,-9.1355,0.234,-0.0146,0.2778,284.88,-468.26,-0.0096,-9.1355,0.234
0.03,0.08,13:00:00,0.0,96,-0.0285,-10.6066,0.2144,-0.0291,0.2708,299.16,-518.14,-0.0196,-10.6066,0.2144
0.03,0.08,13:00:00,0.003,82,-0.0246,-10.4197,0.2171,-0.0254,0.2805,296.28,-531.94,-0.0169,-10.4197,0.2171
0.03,0.08,13:00:00,0.005,73,-0.0221,-10.9558,0.1943,-0.0225,0.274,266.33,-517.28,-0.0152,-10.9558,0.1943
0.03,0.08,13:00:00,0.01,54,-0.0162,-10.3073,0.2144,-0.0167,0.2778,294.75,-528.88,-0.0112,-10.3073,0.2144
0.03,0.08,14:00:00,0.0,96,-0.032,-10.8558,0.205,-0.033,0.2604,329.98,-566.78,-0.0221,-10.8558,0.205
0.03,0.08,14:00:00,0.003,82,-0.0282,-10.8405,0.2051,-0.0298,0.2683,331.18,-591.92,-0.0195,-10.8405,0.2051
0.03,0.08,14:00:00,0.005,73,-0.0245,-11.2273,0.1911,-0.0255,0.2603,305.15,-561.96,-0.0169,-11.2273,0.1911
0.03,0.08,14:00:00,0.01,54,-0.0183,-10.8227,0.1992,-0.0191,0.2778,303.74,-586.44,-0.0126,-10.8227,0.1992
0.03,0.08,14:45:00,0.0,96,-0.0323,-10.7514,0.205,-0.0338,0.2708,320.12,-580.1,-0.0223,-10.7514,0.205
0.03,0.08,14:45:00,0.003,82,-0.0283,-10.7336,0.2055,-0.0303,0.2683,333.17,-594.55,-0.0195,-10.7336,0.2055
0.03,0.08,14:45:00,0.005,73,-0.0251,-11.2638,0.1885,-0.0263,0.2603,307.46,-573.89,-0.0173,-11.2638,0.1885
0.03,0.08,14:45:00,0.01,54,-0.0186,-10.7431,0.1982,-0.0196,0.2778,306.67,-595.13,-0.0128,-10.7431,0.1982
0.05,0.04,11:30:00,0.0,96,-0.0241,-9.9828,0.2332,-0.0247,0.2083,366.25,-413.23,-0.0166,-9.9828,0.2332
0.05,0.04,11:30:00,0.003,82,-0.0212,-10.2395,0.2246,-0.0218,0.2195,341.85,-428.16,-0.0146,-10.2395,0.2246
0.05,0.04,11:30:00,0.005,73,-0.0185,-10.0337,0.2318,-0.0193,0.2192,349.38,-423.04,-0.0128,-10.0337,0.2318
0.05,0.04,11:30:00,0.01,54,-0.0143,-9.9555,0.2398,-0.015,0.2037,410.34,-437.79,-0.0098,-9.9555,0.2398
0.05,0.04,12:00:00,0.0,96,-0.0256,-10.2203,0.2271,-0.026,0.1979,396.38,-430.62,-0.0177,-10.2203,0.2271
0.05,0.04,12:00:00,0.003,82,-0.0226,-10.5211,0.2198,-0.023,0.2073,374.09,-445.05,-0.0155,-10.5211,0.2198
0.05,0.04,12:00:00,0.005,73,-0.0192,-10.0555,0.2347,-0.0196,0.2192,367.66,-439.74,-0.0132,-10.0555,0.2347
0.05,0.04,12:00:00,0.01,54,-0.0146,-9.7825,0.2444,-0.0153,0.2037,428.54,-448.54,-0.01,-9.7825,0.2444
0.05,0.04,13:00:00,0.0,96,-0.0294,-11.3478,0.2078,-0.0298,0.1979,405.29,-481.34,-0.0203,-11.3478,0.2078
0.05,0.04,13:00:00,0.003,82,-0.0258,-11.6494,0.2017,-0.0263,0.2073,384.05,-497.9,-0.0178,-11.6494,0.2017
0.05,0.04,13:00:00,0.005,73,-0.0215,-11.0332,0.2191,-0.022,0.2055,401.95,-474.49,-0.0148,-11.0332,0.2191
0.05,0.04,13:00:00,0.01,54,-0.0162,-10.8163,0.2238,-0.0169,0.2037,424.29,-485.08,-0.0111,-10.8163,0.2238
0.05,0.04,14:00:00,0.0,96,-0.0321,-12.3998,0.1868,-0.0325,0.1562,490.93,-486.75,-0.0221,-12.3998,0.1868
0.05,0.04,14:00:00,0.003,82,-0.0286,-12.9126,0.1781,-0.0291,0.1585,476.33,-503.81,-0.0197,-12.9126,0.1781
0.05,0.04,14:00:00,0.005,73,-0.0241,-12.3193,0.1919,-0.0245,0.1644,476.28,-488.22,-0.0166,-12.3193,0.1919
0.05,0.04,14:00:00,0.01,54,-0.0183,-12.221,0.1938,-0.019,0.1667,489.44,-505.17,-0.0126,-12.221,0.1938
0.05,0.04,14:45:00,0.0,96,-0.0328,-12.2751,0.1914,-0.0334,0.1667,484.51,-506.29,-0.0226,-12.2751,0.1914
0.05,0.04,14:45:00,0.003,82,-0.0283,-12.6805,0.1877,-0.029,0.1585,503.91,-505.78,-0.0196,-12.6805,0.1877
0.05,0.04,14:45:00,0.005,73,-0.0238,-12.033,0.2033,-0.0244,0.1644,506.16,-489.69,-0.0164,-12.033,0.2033
0.05,0.04,14:45:00,0.01,54,-0.0178,-11.7844,0.206,-0.0185,0.1667,512.36,-497.32,-0.0122,-11.7844,0.206
0.05,0.06,11:30:00,0.0,96,-0.0247,-9.8228,0.2287,-0.0256,0.2083,366.25,-421.51,-0.017,-9.8228,0.2287
0.05,0.06,11:30:00,0.003,82,-0.022,-9.9937,0.2188,-0.0229,0.2195,341.85,-439.35,-0.0151,-9.9937,0.2188
0.05,0.06,11:30:00,0.005,73,-0.0189,-9.7411,0.2281,-0.02,0.2192,349.38,-429.98,-0.013,-9.7411,0.2281
0.05,0.06,11:30:00,0.01,54,-0.0149,-9.8116,0.2331,-0.0159,0.2037,410.34,-450.33,-0.0102,-9.8116,0.2331
0.05,0.06,12:00:00,0.0,96,-0.0268,-10.134,0.2194,-0.0275,0.1979,396.38,-445.85,-0.0185,-10.134,0.2194
0.05,0.06,12:00:00,0.003,82,-0.0236,-10.3146,0.2121,-0.0243,0.2073,374.09,-461.2,-0.0163,-10.3146,0.2121
0.05,0.06,12:00:00,0.005,73,-0.0196,-9.7933,0.2312,-0.0203,0.2192,367.66,-446.35,-0.0135,-9.7933,0.2312
0.05,0.06,12:00:00,0.01,54,-0.0148,-9.5374,0.2411,-0.0159,0.2037,428.54,-454.66,-0.0102,-9.5374,0.2411
0.05,0.06,13:00:00,0.0,96,-0.0296,-9.6698,0.2416,-0.0315,0.2083,471.47,-513.46,-0.0204,-9.6698,0.2416
0.05,0.06,13:00:00,0.003,82,-0.0255,-9.5945,0.2446,-0.0276,0.2195,458.76,-527.58,-0.0176,-9.5945,0.2446
0.05,0.06,13:00:00,0.005,73,-0.0232,-11.1715,0.2062,-0.0241,0.2055,401.95,-504.11,-0.016,-11.1715,0.2062
0.05,0.06,13:00:00,0.01,54,-0.0173,-10.9399,0.2122,-0.0184,0.2037,424.29,-511.45,-0.0119,-10.9399,0.2122
0.05,0.06,14:00:00,0.0,96,-0.0328,-10.4981,0.2171,-0.0347,0.1667,568.3,-523.42,-0.0226,-10.4981,0.2171
0.05,0.06,14:00:00,0.003,82,-0.0287,-10.5473,0.2166,-0.0312,0.1707,565.8,-537.87,-0.0198,-10.5473,0.2166
0.05,0.06,14:00:00,0.005,73,-0.0257,-12.1146,0.182,-0.0267,0.1644,476.28,-514.78,-0.0177,-12.1146,0.182
0.05,0.06,14:00:00,0.01,54,-0.0192,-11.7812,0.1868,-0.0205,0.1667,489.44,-524.15,-0.0132,-11.7812,0.1868
0.05,0.06,14:45:00,0.0,96,-0.0334,-10.4042,0.2217,-0.036,0.1875,529.28,-550.96,-0.0231,-10.4042,0.2217
0.05,0.06,14:45:00,0.003,82,-0.0291,-10.4422,0.2226,-0.0321,0.1829,555.05,-558.33,-0.0201,-10.4422,0.2226
0.05,0.06,14:45:00,0.005,73,-0.026,-11.8327,0.1903,-0.0273,0.1781,470.77,-535.98,-0.018,-11.8327,0.1903
0.05,0.06,14:45:00,0.01,54,-0.0192,-11.3473,0.1948,-0.0206,0.1852,465.73,-543.24,-0.0133,-11.3473,0.1948
0.05,0.08,11:30:00,0.0,96,-0.0254,-9.8779,0.2239,-0.0262,0.2083,366.25,-430.52,-0.0175,-9.8779,0.2239
0.05,0.08,11:30:00,0.003,82,-0.0225,-10.0091,0.2147,-0.0233,0.2195,341.85,-447.74,-0.0155,-10.0091,0.2147
0.05,0.08,11:30:00,0.005,73,-0.02,-9.8159,0.2184,-0.021,0.2192,349.38,-449.04,-0.0138,-9.8159,0.2184
0.05,0.08,11:30:00,0.01,54,-0.0159,-9.9492,0.2207,-0.0168,0.2037,410.34,-475.59,-0.011,-9.9492,0.2207
0.05,0.08,12:00:00,0.0,96,-0.0272,-10.1453,0.2169,-0.0278,0.1979,396.38,-450.94,-0.0187,-10.1453,0.2169
0.05,0.08,12:00:00,0.003,82,-0.0239,-10.2757,0.2104,-0.0245,0.2073,374.09,-464.97,-0.0164,-10.2757,0.2104
0.05,0.08,12:00:00,0.005,73,-0.0206,-9.8987,0.2222,-0.0212,0.2192,367.66,-464.36,-0.0142,-9.8987,0.2222
0.05,0.08,12:00:00,0.01,54,-0.0158,-9.7042,0.2294,-0.0168,0.2037,428.54,-477.89,-0.0109,-9.7042,0.2294
0.05,0.08,13:00:00,0.0,96,-0.0292,-9.645,0.244,-0.031,0.2083,471.47,-508.4,-0.0201,-9.645,0.244
0.05,0.08,13:00:00,0.003,82,-0.0254,-9.5553,0.2452,-0.0274,0.2195,458.76,-526.28,-0.0175,-9.5553,0.2452
0.05,0.08,13:00:00,0.005,73,-0.0237,-11.0644,0.2029,-0.0244,0.2055,401.95,-512.29,-0.0163,-11.0644,0.2029
0.05,0.08,13:00:00,0.01,54,-0.018,-10.9286,0.2059,-0.019,0.2037,424.29,-527.22,-0.0124,-10.9286,0.2059
0.05,0.08,14:00:00,0.0,96,-0.0339,-10.6085,0.2113,-0.0358,0.1667,568.3,-537.91,-0.0234,-10.6085,0.2113
0.05,0.08,14:00:00,0.003,82,-0.0301,-10.6807,0.2082,-0.0325,0.1707,565.8,-559.61,-0.0208,-10.6807,0.2082
0.05,0.08,14:00:00,0.005,73,-0.0271,-12.1194,0.1742,-0.0281,0.1644,476.28,-537.95,-0.0187,-12.1194,0.1742
0.05,0.08,14:00:00,0.01,54,-0.0207,-11.9734,0.1751,-0.0219,0.1667,489.44,-558.92,-0.0143,-11.9734,0.1751
0.05,0.08,14:45:00,0.0,96,-0.0335,-10.254,0.2214,-0.0359,0.1875,529.28,-551.66,-0.0231,-10.254,0.2214
0.05,0.08,14:45:00,0.003,82,-0.0296,-10.3067,0.2196,-0.0325,0.1829,555.05,-565.93,-0.0204,-10.3067,0.2196
0.05,0.08,14:45:00,0.005,73,-0.027,-11.7419,0.1848,-0.0281,0.1781,470.77,-552.0,-0.0186,-11.7419,0.1848
0.05,0.08,14:45:00,0.01,54,-0.0203,-11.4095,0.1865,-0.0215,0.1852,465.73,-567.51,-0.014,-11.4095,0.1865
0.07,0.04,11:30:00,0.0,96,-0.0239,-9.5574,0.242,-0.0245,0.1979,402.06,-410.03,-0.0165,-9.5574,0.242
0.07,0.04,11:30:00,0.003,82,-0.0214,-10.0375,0.2249,-0.0219,0.2073,364.72,-424.14,-0.0147,-10.0375,0.2249
0.07,0.04,11:30:00,0.005,73,-0.0185,-9.635,0.2393,-0.0191,0.2055,387.29,-418.63,-0.0127,-9.635,0.2393
0.07,0.04,11:30:00,0.01,54,-0.0143,-9.5588,0.2461,-0.0146,0.1852,467.44,-431.63,-0.0099,-9.5588,0.2461
0.07,0.04,12:00:00,0.0,96,-0.0254,-9.7645,0.2338,-0.0258,0.1875,431.07,-425.43,-0.0175,-9.7645,0.2338
0.07,0.04,12:00:00,0.003,82,-0.0226,-10.2675,0.2183,-0.023,0.1951,395.03,-438.69,-0.0156,-10.2675,0.2183
0.07,0.04,12:00:00,0.005,73,-0.019,-9.5138,0.2444,-0.0194,0.2055,408.88,-432.6,-0.0131,-9.5138,0.2444
0.07,0.04,12:00:00,0.01,54,-0.0144,-9.1892,0.255,-0.0147,0.1852,492.45,-438.93,-0.0099,-9.1892,0.255
0.07,0.04,13:00:00,0.0,96,-0.0291,-10.6616,0.219,-0.0295,0.1771,479.62,-471.25,-0.0201,-10.6616,0.219
0.07,0.04,13:00:00,0.003,82,-0.0258,-11.1261,0.2064,-0.0263,0.1829,447.64,-485.51,-0.0178,-11.1261,0.2064
0.07,0.04,13:00:00,0.005,73,-0.021,-10.038,0.242,-0.0214,0.1918,478.0,-468.75,-0.0144,-10.038,0.242
0.07,0.04,13:00:00,0.01,54,-0.0161,-10.2157,0.2344,-0.0163,0.1852,492.03,-477.14,-0.0111,-10.2157,0.2344
0.07,0.04,14:00:00,0.0,96,-0.0326,-12.023,0.19,-0.033,0.125,636.49,-478.67,-0.0225,-12.023,0.19
0.07,0.04,14:00:00,0.003,82,-0.0293,-12.7828,0.1744,-0.0298,0.122,619.9,-493.66,-0.0202,-12.7828,0.1744
0.07,0.04,14:00:00,0.005,73,-0.0243,-11.6603,0.2034,-0.0248,0.137,619.9,-483.72,-0.0167,-11.6603,0.2034
0.07,0.04,14:00:00,0.01,54,-0.019,-12.195,0.1898,-0.0192,0.1296,635.05,-498.43,-0.0131,-12.195,0.1898
0.07,0.04,14:45:00,0.0,96,-0.0336,-12.128,0.1877,-0.0342,0.125,646.84,-492.18,-0.0232,-12.128,0.1877
0.07,0.04,14:45:00,0.003,82,-0.0294,-12.8086,0.1761,-0.0301,0.1098,699.28,-489.58,-0.0203,-12.8086,0.1761
0.07,0.04,14:45:00,0.005,73,-0.0244,-11.6793,0.2053,-0.025,0.1233,699.28,-478.99,-0.0168,-11.6793,0.2053
0.07,0.04,14:45:00,0.01,54,-0.0188,-12.2323,0.1873,-0.0191,0.1111,722.93,-482.57,-0.013,-12.2323,0.1873
0.07,0.06,11:30:00,0.0,96,-0.0246,-9.4326,0.2372,-0.0254,0.1979,402.06,-418.21,-0.0169,-9.4326,0.2372
0.07,0.06,11:30:00,0.003,82,-0.0221,-9.822,0.2192,-0.023,0.2073,364.72,-435.16,-0.0152,-9.822,0.2192
0.07,0.06,11:30:00,0.005,73,-0.0189,-9.3874,0.2354,-0.0198,0.2055,387.29,-425.45,-0.013,-9.3874,0.2354
0.07,0.06,11:30:00,0.01,54,-0.0149,-9.4571,0.2393,-0.0154,0.1852,467.44,-443.89,-0.0102,-9.4571,0.2393
0.07,0.06,12:00:00,0.0,96,-0.0266,-9.7199,0.2259,-0.0273,0.1875,431.07,-440.46,-0.0183,-9.7199,0.2259
0.07,0.06,12:00:00,0.003,82,-0.0237,-10.0981,0.2107,-0.0244,0.1951,395.03,-454.6,-0.0163,-10.0981,0.2107
0.07,0.06,12:00:00,0.005,73,-0.0193,-9.3013,0.2408,-0.0201,0.2055,408.88,-439.1,-0.0133,-9.3013,0.2408
0.07,0.06,12:00:00,0.01,54,-0.0147,-8.9958,0.2516,-0.0152,0.1852,492.45,-444.92,-0.0101,-8.9958,0.2516
0.07,0.06,13:00:00,0.0,96,-0.0293,-9.2176,0.2522,-0.0312,0.1875,549.02,-502.42,-0.0202,-9.2176,0.2522
0.07,0.06,13:00:00,0.003,82,-0.0255,-9.2863,0.2488,-0.0276,0.1951,527.71,-514.11,-0.0176,-9.2863,0.2488
0.07,0.06,13:00:00,0.005,73,-0.0227,-10.2562,0.2278,-0.0235,0.1918,478.0,-497.87,-0.0156,-10.2562,0.2278
0.07,0.06,13:00:00,0.01,54,-0.0172,-10.388,0.2224,-0.0178,0.1852,492.03,-502.91,-0.0118,-10.388,0.2224
0.07,0.06,14:00:00,0.0,96,-0.0333,-10.3138,0.2198,-0.0352,0.1354,720.52,-513.5,-0.023,-10.3138,0.2198
0.07,0.06,14:00:00,0.003,82,-0.0294,-10.5581,0.2124,-0.0319,0.1341,720.72,-525.67,-0.0203,-10.5581,0.2124
0.07,0.06,14:00:00,0.005,73,-0.0259,-11.5568,0.1933,-0.0269,0.137,619.9,-508.91,-0.0178,-11.5568,0.1933
0.07,0.06,14:00:00,0.01,54,-0.0198,-11.7959,0.1833,-0.0206,0.1296,635.05,-515.88,-0.0136,-11.7959,0.1833
0.07,0.06,14:45:00,0.0,96,-0.0342,-10.3814,0.2179,-0.0368,0.1458,681.21,-533.78,-0.0236,-10.3814,0.2179
0.07,0.06,14:45:00,0.003,82,-0.0301,-10.6321,0.2112,-0.0331,0.1341,733.5,-538.08,-0.0208,-10.6321,0.2112
0.07,0.06,14:45:00,0.005,73,-0.0266,-11.5705,0.1927,-0.0278,0.137,633.96,-522.18,-0.0183,-11.5705,0.1927
0.07,0.06,14:45:00,0.01,54,-0.0203,-11.7814,0.1779,-0.0212,0.1296,626.24,-524.29,-0.014,-11.7814,0.1779
0.07,0.08,11:30:00,0.0,96,-0.0252,-9.5,0.2323,-0.026,0.1979,402.06,-427.09,-0.0174,-9.5,0.2323
0.07,0.08,11:30:00,0.003,82,-0.0226,-9.846,0.2151,-0.0234,0.2073,364.72,-443.42,-0.0156,-9.846,0.2151
0.07,0.08,11:30:00,0.005,73,-0.02,-9.4892,0.2255,-0.0207,0.2055,387.29,-444.18,-0.0137,-9.4892,0.2255
0.07,0.08,11:30:00,0.01,54,-0.0159,-9.6266,0.2267,-0.0164,0.1852,467.44,-468.58,-0.011,-9.6266,0.2267
0.07,0.08,12:00:00,0.0,96,-0.027,-9.7399,0.2233,-0.0276,0.1875,431.07,-445.49,-0.0186,-9.7399,0.2233
0.07,0.08,12:00:00,0.003,82,-0.0239,-10.0664,0.2089,-0.0246,0.1951,395.03,-458.31,-0.0165,-10.0664,0.2089
0.07,0.08,12:00:00,0.005,73,-0.0204,-9.4332,0.2315,-0.021,0.2055,408.88,-456.8,-0.014,-9.4332,0.2315
0.07,0.08,12:00:00,0.01,54,-0.0157,-9.1949,0.2393,-0.0161,0.1852,492.45,-467.62,-0.0108,-9.1949,0.2393
0.07,0.08,13:00:00,0.0,96,-0.0289,-9.186,0.2547,-0.0308,0.1875,549.02,-497.49,-0.0199,-9.186,0.2547
0.07,0.08,13:00:00,0.003,82,-0.0254,-9.2488,0.2495,-0.0274,0.1951,527.71,-512.84,-0.0175,-9.2488,0.2495
0.07,0.08,13:00:00,0.005,73,-0.0232,-10.1954,0.2242,-0.0239,0.1918,478.0,-505.91,-0.016,-10.1954,0.2242
0.07,0.08,13:00:00,0.01,54,-0.0179,-10.4128,0.2157,-0.0184,0.1852,492.03,-518.32,-0.0123,-10.4128,0.2157
0.07,0.08,14:00:00,0.0,96,-0.0344,-10.4347,0.214,-0.0363,0.1354,720.52,-527.47,-0.0238,-10.4347,0.214
0.07,0.08,14:00:00,0.003,82,-0.0309,-10.7027,0.2043,-0.0333,0.1341,720.72,-546.49,-0.0213,-10.7027,0.2043
0.07,0.08,14:00:00,0.005,73,-0.0273,-11.6195,0.1852,-0.0282,0.137,619.9,-531.35,-0.0188,-11.6195,0.1852
0.07,0.08,14:00:00,0.01,54,-0.0214,-12.0166,0.1722,-0.0221,0.1296,635.05,-549.17,-0.0147,-12.0166,0.1722
0.07,0.08,14:45:00,0.0,96,-0.0343,-10.2394,0.2176,-0.0367,0.1458,681.21,-534.45,-0.0237,-10.2394,0.2176
0.07,0.08,14:45:00,0.003,82,-0.0306,-10.5011,0.2084,-0.0335,0.1341,733.5,-545.25,-0.0211,-10.5011,0.2084
0.07,0.08,14:45:00,0.005,73,-0.0275,-11.517,0.1872,-0.0287,0.137,633.96,-537.44,-0.019,-11.517,0.1872
0.07,0.08,14:45:00,0.01,54,-0.0213,-11.8456,0.1705,-0.0221,0.1296,626.24,-547.01,-0.0147,-11.8456,0.1705
0.1,0.04,11:30:00,0.0,96,-0.0253,-10.8939,0.1993,-0.0251,0.1979,331.16,-410.03,-0.0174,-10.8939,0.1993
0.1,0.04,11:30:00,0.003,82,-0.0226,-11.5912,0.1814,-0.0224,0.2073,294.22,-424.14,-0.0155,-11.5912,0.1814
0.1,0.04,11:30:00,0.005,73,-0.0197,-11.3212,0.1899,-0.0195,0.2055,307.38,-418.63,-0.0135,-11.3212,0.1899
0.1,0.04,11:30:00,0.01,54,-0.0155,-11.7371,0.183,-0.0153,0.1852,347.58,-431.63,-0.0107,-11.7371,0.183
0.1,0.04,12:00:00,0.0,96,-0.0272,-11.5574,0.1828,-0.027,0.1771,358.28,-421.83,-0.0188,-11.5574,0.1828
0.1,0.04,12:00:00,0.003,82,-0.0245,-12.6677,0.1585,-0.0243,0.1829,307.46,-434.25,-0.0169,-12.6677,0.1585
0.1,0.04,12:00:00,0.005,73,-0.0208,-12.0436,0.1754,-0.0206,0.1918,316.05,-427.65,-0.0143,-12.0436,0.1754
0.1,0.04,12:00:00,0.01,54,-0.0162,-12.4181,0.1653,-0.0161,0.1667,357.34,-432.3,-0.0112,-12.4181,0.1653
0.1,0.04,13:00:00,0.0,96,-0.0315,-13.2588,0.1532,-0.0316,0.1771,335.59,-471.25,-0.0218,-13.2588,0.1532
0.1,0.04,13:00:00,0.003,82,-0.0281,-14.3224,0.1351,-0.0282,0.1829,292.98,-485.51,-0.0194,-14.3224,0.1351
0.1,0.04,13:00:00,0.005,73,-0.0233,-13.3591,0.1581,-0.0233,0.1918,312.29,-468.75,-0.016,-13.3591,0.1581
0.1,0.04,13:00:00,0.01,54,-0.0184,-15.1438,0.1239,-0.0183,0.1852,260.04,-477.14,-0.0127,-15.1438,0.1239
0.1,0.04,14:00:00,0.0,96,-0.0359,-15.5262,0.111,-0.0362,0.1042,447.81,-468.99,-0.0248,-15.5262,0.111
0.1,0.04,14:00:00,0.003,82,-0.0321,-16.7428,0.0984,-0.0324,0.1098,389.49,-487.78,-0.0222,-16.7428,0.0984
0.1,0.04,14:00:00,0.005,73,-0.027,-15.7365,0.1148,-0.0274,0.1233,389.49,-477.17,-0.0186,-15.7365,0.1148
0.1,0.04,14:00:00,0.01,54,-0.0217,-18.6167,0.0746,-0.0219,0.1111,291.95,-489.39,-0.015,-18.6167,0.0746
0.1,0.04,14:45:00,0.0,96,-0.0389,-17.5414,0.0884,-0.0387,0.0938,419.22,-490.34,-0.0269,-17.5414,0.0884
0.1,0.04,14:45:00,0.003,82,-0.0343,-19.7335,0.0733,-0.0342,0.0732,452.96,-487.57,-0.0237,-19.7335,0.0733
0.1,0.04,14:45:00,0.005,73,-0.0293,-18.8798,0.085,-0.0291,0.0822,452.96,-477.19,-0.0202,-18.8798,0.085
0.1,0.04,14:45:00,0.01,54,-0.0237,-25.5457,0.0311,-0.0235,0.0556,253.93,-479.99,-0.0163,-25.5457,0.0311
0.1,0.06,11:30:00,0.0,96,-0.0259,-10.6773,0.1954,-0.0256,0.1979,331.16,-418.21,-0.0179,-10.6773,0.1954
0.1,0.06,11:30:00,0.003,82,-0.0233,-11.2187,0.1768,-0.023,0.2073,294.22,-435.16,-0.016,-11.2187,0.1768
0.1,0.06,11:30:00,0.005,73,-0.0201,-10.9158,0.1869,-0.0198,0.2055,307.38,-425.45,-0.0138,-10.9158,0.1869
0.1,0.06,11:30:00,0.01,54,-0.0161,-11.4483,0.178,-0.0158,0.1852,347.58,-443.89,-0.0111,-11.4483,0.178
0.1,0.06,12:00:00,0.0,96,-0.0284,-11.3683,0.1766,-0.0284,0.1771,358.28,-436.67,-0.0196,-11.3683,0.1766
0.1,0.06,12:00:00,0.003,82,-0.0255,-12.2265,0.153,-0.0255,0.1829,307.46,-449.92,-0.0176,-12.2265,0.153
0.1,0.06,12:00:00,0.005,73,-0.0212,-11.6095,0.1728,-0.0212,0.1918,316.05,-434.05,-0.0146,-11.6095,0.1728
0.1,0.06,12:00:00,0.01,54,-0.0165,-11.9494,0.1631,-0.0164,0.1667,357.34,-438.16,-0.0114,-11.9494,0.1631
0.1,0.06,13:00:00,0.0,96,-0.0318,-11.0092,0.1897,-0.0333,0.1875,412.99,-502.42,-0.0219,-11.0092,0.1897
0.1,0.06,13:00:00,0.003,82,-0.0278,-11.3385,0.1805,-0.0295,0.1951,382.72,-514.11,-0.0192,-11.3385,0.1805
0.1,0.06,13:00:00,0.005,73,-0.025,-13.2979,0.1488,-0.0254,0.1918,312.29,-497.87,-0.0172,-13.2979,0.1488
0.1,0.06,13:00:00,0.01,54,-0.0195,-14.88,0.1175,-0.0197,0.1852,260.04,-502.91,-0.0134,-14.88,0.1175
0.1,0.06,14:00:00,0.0,96,-0.0365,-12.6282,0.1452,-0.0383,0.1146,564.27,-502.9,-0.0252,-12.6282,0.1452
0.1,0.06,14:00:00,0.003,82,-0.0322,-12.9583,0.14,-0.0345,0.122,523.42,-519.26,-0.0222,-12.9583,0.14
0.1,0.06,14:00:00,0.005,73,-0.0286,-15.106,0.1091,-0.0295,0.1233,389.49,-501.97,-0.0197,-15.106,0.1091
0.1,0.06,14:00:00,0.01,54,-0.0226,-17.0993,0.0721,-0.0233,0.1111,291.95,-506.48,-0.0155,-17.0993,0.0721
0.1,0.06,14:45:00,0.0,96,-0.0394,-13.8829,0.1235,-0.0406,0.1146,504.35,-528.33,-0.0272,-13.8829,0.1235
0.1,0.06,14:45:00,0.003,82,-0.0348,-14.5919,0.1142,-0.0366,0.0976,561.58,-531.63,-0.0241,-14.5919,0.1142
0.1,0.06,14:45:00,0.005,73,-0.0313,-17.5045,0.0812,-0.0313,0.0959,394.83,-515.68,-0.0216,-17.5045,0.0812
0.1,0.06,14:45:00,0.01,54,-0.025,-21.3656,0.0313,-0.0248,0.0741,201.96,-515.59,-0.0172,-21.3656,0.0313
0.1,0.08,11:30:00,0.0,96,-0.0266,-10.7124,0.1913,-0.0262,0.1979,331.16,-427.09,-0.0183,-10.7124,0.1913
0.1,0.08,11:30:00,0.003,82,-0.0238,-11.1979,0.1735,-0.0235,0.2073,294.22,-443.42,-0.0164,-11.1979,0.1735
0.1,0.08,11:30:00,0.005,73,-0.0212,-10.9219,0.179,-0.0208,0.2055,307.38,-444.18,-0.0146,-10.9219,0.179
0.1,0.08,11:30:00,0.01,54,-0.0171,-11.476,0.1686,-0.0168,0.1852,347.58,-468.58,-0.0118,-11.476,0.1686
0.1,0.08,12:00:00,0.0,96,-0.0288,-11.3581,0.1746,-0.0287,0.1771,358.28,-441.63,-0.0199,-11.3581,0.1746
0.1,0.08,12:00:00,0.003,82,-0.0258,-12.142,0.1518,-0.0257,0.1829,307.46,-453.57,-0.0178,-12.142,0.1518
0.1,0.08,12:00:00,0.005,73,-0.0222,-11.622,0.1661,-0.0221,0.1918,316.05,-451.44,-0.0153,-11.622,0.1661
0.1,0.08,12:00:00,0.01,54,-0.0175,-11.9729,0.1552,-0.0173,0.1667,357.34,-460.35,-0.012,-11.9729,0.1552
0.1,0.08,13:00:00,0.0,96,-0.0314,-11.0009,0.1916,-0.0328,0.1875,412.99,-497.49,-0.0216,-11.0009,0.1916
0.1,0.08,13:00:00,0.003,82,-0.0277,-11.2922,0.1809,-0.0293,0.1951,382.72,-512.84,-0.0191,-11.2922,0.1809
0.1,0.08,13:00:00,0.005,73,-0.0255,-13.0798,0.1465,-0.0258,0.1918,312.29,-505.91,-0.0176,-13.0798,0.1465
0.1,0.08,13:00:00,0.01,54,-0.0202,-14.5977,0.114,-0.0203,0.1852,260.04,-518.32,-0.0139,-14.5977,0.114
0.1,0.08,14:00:00,0.0,96,-0.0377,-12.6919,0.1414,-0.0394,0.1146,564.27,-516.53,-0.026,-12.6919,0.1414
0.1,0.08,14:00:00,0.003,82,-0.0336,-12.999,0.1347,-0.0359,0.122,523.42,-539.79,-0.0232,-12.999,0.1347
0.1,0.08,14:00:00,0.005,73,-0.03,-14.9044,0.1045,-0.0308,0.1233,389.49,-524.05,-0.0207,-14.9044,0.1045
0.1,0.08,14:00:00,0.01,54,-0.0241,-16.8522,0.0677,-0.0247,0.1111,291.95,-539.07,-0.0166,-16.8522,0.0677
0.1,0.08,14:45:00,0.0,96,-0.0394,-13.6194,0.1234,-0.0406,0.1146,504.35,-528.97,-0.0272,-13.6194,0.1234
0.1,0.08,14:45:00,0.003,82,-0.0354,-14.2384,0.1127,-0.037,0.0976,561.58,-538.52,-0.0244,-14.2384,0.1127
0.1,0.08,14:45:00,0.005,73,-0.0322,-16.9975,0.079,-0.0321,0.0959,394.83,-530.25,-0.0222,-16.9975,0.079
0.1,0.08,14:45:00,0.01,54,-0.026,-20.5231,0.0301,-0.0257,0.0741,201.96,-536.94,-0.018,-20.5231,0.0301
