date,strategy_type,entry_time,exit_time,exit_reason,spot_at_entry,spot_at_exit,ce_entry,pe_entry,ce_exit,pe_exit,entry_premium,exit_premium,gross_pnl,txn_cost,net_pnl,opening_range_pct,intraday_range_pct,iv_ce_entry,iv_pe_entry,iv_ce_exit,iv_pe_exit,holding_minutes,max_adverse_excursion,spot_range_high,spot_range_low
2024-08-26,Short Straddle,09:30:00,09:39:00,breakout_stop,24924.8,24975.85,131.5,90.25,119.8,106.8,221.75,226.6,-121.25,89.07,-210.32,0.003368,0.002855,11.3507,11.9682,12.86,11.2679,9.0,121.25,24924.8,24880.9
2024-08-27,Short Straddle,09:30:00,10:18:00,profit_target,24989.75,25026.7,99.2,93.4,78.9,94.2,192.60000000000002,173.10000000000002,487.5,87.58,399.92,0.002765,0.003065,12.347,12.2635,10.6546,11.5807,48.0,0.0,25030.9,24989.75
2024-08-29,Short Straddle,09:30:00,10:18:00,profit_target,25053.8,25104.15,55.65,48.35,55.65,36.55,104.0,92.19999999999999,295.0,84.08,210.92,0.002471,0.002555,20.2631,19.5747,21.7054,16.1601,48.0,102.5,25062.75,25028.2
2024-08-30,Short Straddle,09:30:00,14:30:00,time_stop,25227.85,25239.5,363.95,297.0,372.7,280.0,660.95,652.7,206.25,106.75,99.5,0.002729,0.003486,9.9669,13.6462,10.1023,13.2241,300.0,470.0,25253.0,25226.85
2024-09-02,Short Straddle,09:30:00,14:30:00,time_stop,25292.65,25270.7,360.5,273.5,363.95,282.4,634.0,646.3499999999999,-308.75,105.91,-414.66,0.002086,0.003572,10.5294,13.4135,10.0926,14.2822,300.0,518.75,25317.25,25292.65
2024-09-03,Short Straddle,09:30:00,14:30:00,time_stop,25266.05,25268.55,360.8,272.55,367.0,255.8,633.35,622.8,263.75,105.6,158.15,0.003748,0.002725,10.3856,13.9557,10.6596,13.3579,300.0,75.0,25274.5,25266.05
2024-09-04,Short Straddle,09:30:00,13:15:00,breakout_stop,25114.1,25176.55,364.5,273.6,338.5,296.1,638.1,634.6,87.5,105.88,-18.38,0.003608,0.002654,11.079,14.2229,10.9272,14.4739,225.0,350.0,25114.1,25090.3
2024-09-05,Short Straddle,09:30:00,10:36:00,breakout_stop,25219.35,25160.5,354.05,269.65,355.0,272.6,623.7,627.6,-97.5,105.39,-202.89,0.002435,0.00271,10.8693,14.3082,11.1853,14.309,66.0,102.5,25257.3,25217.1
2024-09-06,Short Straddle,09:30:00,09:45:00,breakout_stop,25156.75,25021.35,325.5,271.0,357.1,288.75,596.5,645.85,-1233.75,104.85,-1338.6,0.003812,0.003593,10.4245,14.3818,11.5169,15.4927,15.0,1233.75,25156.75,25096.75
2024-09-09,Short Straddle,09:30:00,10:39:00,breakout_stop,24775.3,24860.25,335.25,298.9,336.5,271.5,634.15,608.0,653.75,105.44,548.31,0.003679,0.003177,13.3727,15.9961,12.4886,15.4219,69.0,0.0,24810.3,24755.65
2024-09-10,Short Straddle,09:30:00,09:54:00,breakout_stop,24989.65,24923.15,281.8,263.15,305.9,260.45,544.95,566.3499999999999,-535.0,102.41,-637.41,0.003273,0.003277,10.8578,14.8112,11.1429,15.4409,24.0,535.0,24995.35,24983.55
2024-09-11,Short Straddle,09:30:00,10:42:00,breakout_stop,25018.35,25086.85,274.0,235.95,248.0,250.8,509.95,498.8,278.75,100.58,178.17,0.00306,0.003044,10.1702,14.4066,9.7676,14.4289,72.0,10.0,25032.8,24983.9
2024-09-13,Short Straddle,09:30:00,14:30:00,time_stop,25293.85,25365.15,226.1,226.2,235.2,196.5,452.29999999999995,431.7,515.0,98.12,416.88,0.002999,0.003782,9.3851,13.9007,9.2969,12.8717,300.0,58.75,25357.2,25293.85
2024-09-16,Short Straddle,09:30:00,14:30:00,time_stop,25410.45,25397.15,223.4,181.55,223.2,171.25,404.95000000000005,394.45,262.5,96.32,166.18,0.002113,0.003518,10.5913,12.971,11.1932,12.0939,300.0,218.75,25410.45,25391.4
2024-09-17,Short Straddle,09:30:00,14:30:00,time_stop,25387.25,25421.85,206.65,182.95,219.6,162.9,389.6,382.5,177.5,95.74,81.76,0.002911,0.003031,11.1585,12.8962,10.9192,12.704,300.0,172.5,25387.25,25358.9
2024-09-18,Short Straddle,09:30:00,10:42:00,breakout_stop,25407.95,25466.5,214.6,171.1,220.05,176.1,385.7,396.15,-261.25,95.8,-357.05,0.002127,0.002853,11.8331,13.2781,11.896,13.8684,72.0,261.25,25413.6,25389.1
2024-09-24,Short Straddle,09:30:00,13:06:00,profit_target,25927.0,25959.35,104.7,127.3,110.1,98.3,232.0,208.39999999999998,590.0,89.13,500.87,0.002808,0.003116,13.3226,15.2422,12.4201,14.0153,216.0,42.5,25932.95,25922.25
2024-09-25,Short Straddle,09:30:00,11:24:00,profit_target,25938.9,25928.75,74.6,103.65,75.05,82.5,178.25,157.55,517.5,86.98,430.52,0.002521,0.003518,12.5081,16.9403,13.8913,12.9523,114.0,17.5,25944.35,25920.55
2024-09-26,Short Straddle,09:30:00,09:48:00,profit_target,26033.6,26048.1,62.55,67.25,63.55,52.1,129.8,115.65,353.75,85.1,268.65,0.002552,0.002988,25.6771,22.0012,24.0852,19.6717,18.0,63.75,26049.25,26025.55
2024-09-27,Short Straddle,09:30:00,14:30:00,time_stop,26229.4,26206.0,401.95,317.1,449.65,280.95,719.05,730.5999999999999,-288.75,109.36,-398.11,0.002747,0.004095,8.6235,13.156,9.7312,12.3704,300.0,303.75,26237.75,26222.05
2024-09-30,Short Straddle,09:30:00,09:48:00,breakout_stop,26042.0,25987.6,438.05,286.1,436.5,291.2,724.1500000000001,727.7,-88.75,109.46,-198.21,0.003258,0.002509,10.56,12.6742,10.6319,12.8062,18.0,333.75,26097.9,26042.0
2024-10-03,Short Straddle,09:30:00,11:09:00,breakout_stop,25588.9,25492.75,428.0,265.8,440.1,270.45,693.8,710.55,-418.75,108.4,-527.14,0.00324,0.004062,11.5373,12.4085,11.9807,12.6796,99.0,418.75,25588.9,25545.45
2024-10-07,Short Straddle,09:30:00,10:36:00,breakout_stop,25052.65,24986.8,446.85,263.0,435.0,284.2,709.85,719.2,-233.75,108.95,-342.7,0.00387,0.003137,13.8772,13.2687,13.8262,13.8747,66.0,300.0,25122.85,25052.65
2024-10-08,Short Straddle,09:30:00,10:24:00,breakout_stop,24807.6,24885.8,463.05,283.65,439.55,289.95,746.7,729.5,430.0,110.12,319.88,0.003477,0.003874,15.0546,14.4691,14.5507,14.309,54.0,788.75,24835.2,24790.9
2024-10-09,Short Straddle,09:30:00,10:06:00,breakout_stop,25048.7,25131.05,387.5,275.85,369.55,266.85,663.35,636.4000000000001,673.75,106.61,567.14,0.002252,0.003399,12.446,14.174,12.0752,13.8695,36.0,260.0,25070.1,25048.7
2024-10-10,Short Straddle,09:30:00,10:15:00,breakout_stop,25043.05,25129.05,377.0,250.5,360.0,236.5,627.5,596.5,775.0,105.1,669.9,0.002162,0.003851,12.5946,13.1,12.1683,12.224,45.0,157.5,25073.45,25033.2
2024-10-11,Short Straddle,09:30:00,14:30:00,time_stop,24962.1,24962.05,364.8,221.25,332.75,218.0,586.05,550.75,882.5,103.37,779.13,0.003926,0.004761,12.1207,12.4083,10.8088,12.3026,300.0,0.0,24986.75,24949.2
2024-10-14,Short Straddle,09:30:00,10:00:00,breakout_stop,25044.2,25115.75,304.7,221.4,334.75,199.1,526.1,533.85,-193.75,101.47,-295.22,0.001971,0.003015,11.2808,12.6393,12.0848,12.0045,30.0,288.75,25058.9,25028.8
2024-10-15,Short Straddle,09:30:00,09:51:00,breakout_stop,25179.7,25100.2,275.4,199.2,293.4,205.25,474.59999999999997,498.65,-601.25,99.58,-700.83,0.00283,0.00334,10.7132,11.4516,11.0757,12.2067,21.0,601.25,25193.35,25176.2
2024-10-16,Short Straddle,09:30:00,11:27:00,breakout_stop,25053.55,24959.2,282.95,198.0,284.1,210.35,480.95,494.45000000000005,-337.5,99.71,-437.21,0.003602,0.003648,11.0301,12.179,11.0243,12.9793,117.0,448.75,25053.55,25016.4
2024-10-17,Short Straddle,09:30:00,09:36:00,breakout_stop,24943.75,24873.1,265.0,201.9,284.8,195.8,466.9,480.6,-342.5,99.14,-441.64,0.002688,0.002672,11.0312,12.4685,11.2333,12.8462,6.0,342.5,24969.25,24932.9
2024-10-21,Short Straddle,09:30:00,09:33:00,breakout_stop,24857.25,24800.8,238.7,180.25,238.75,190.55,418.95,429.3,-258.75,97.15,-355.9,0.003319,0.002349,11.9259,13.0519,12.181,13.5292,3.0,258.75,24955.5,24857.25
2024-10-23,Short Straddle,09:30:00,10:15:00,breakout_stop,24472.05,24549.25,256.4,170.0,241.7,166.65,426.4,408.35,451.25,97.1,354.15,0.00359,0.003641,14.7123,14.0806,14.5361,13.1251,45.0,276.25,24491.55,24446.55
2024-10-24,Short Straddle,09:30:00,09:39:00,breakout_stop,24415.65,24354.3,210.0,149.25,209.3,157.25,359.25,366.55,-182.5,94.69,-277.19,0.00366,0.003244,12.8477,13.0916,13.2987,13.3368,9.0,245.0,24441.95,24409.35
2024-10-28,Short Straddle,09:30:00,09:39:00,breakout_stop,24214.25,24162.5,158.3,139.0,166.2,134.05,297.3,300.25,-73.75,92.11,-165.86,0.003438,0.002521,15.3384,17.1565,16.3692,16.5675,9.0,73.75,24264.4,24214.25
2024-10-30,Short Straddle,09:30:00,10:51:00,profit_target,24363.55,24429.75,111.4,87.6,89.6,88.95,199.0,178.55,511.25,87.83,423.42,0.003325,0.003353,17.6128,17.2733,17.1591,14.8378,81.0,52.5,24393.55,24360.3
2024-11-04,Short Straddle,09:30:00,10:03:00,breakout_stop,24103.25,24001.95,464.65,347.55,463.0,358.0,812.2,821.0,-220.0,113.11,-333.11,0.003643,0.004333,15.2905,17.1667,15.3432,17.6385,33.0,220.0,24144.65,24076.65
2024-11-07,Short Straddle,09:30:00,09:57:00,breakout_stop,24351.45,24279.8,377.95,267.7,364.15,281.5,645.65,645.65,0.0,106.23,-106.23,0.003885,0.002661,12.8875,14.3028,12.8716,14.5247,27.0,38.75,24441.75,24351.45
2024-11-12,Short Straddle,09:30:00,10:39:00,breakout_stop,24170.1,24118.75,307.55,210.5,307.85,215.35,518.05,523.2,-128.75,101.11,-229.86,0.003657,0.004694,11.7529,13.2776,11.8658,13.5287,69.0,132.5,24209.55,24170.1
2024-11-14,Short Straddle,09:30:00,09:39:00,breakout_stop,23586.7,23515.1,291.9,222.0,315.65,201.5,513.9,517.15,-81.25,100.92,-182.17,0.003447,0.005202,13.5029,13.9779,14.0008,13.5877,9.0,81.25,23604.25,23578.5
2024-11-26,Short Straddle,09:30:00,09:51:00,breakout_stop,24312.55,24243.55,137.4,122.2,130.6,128.65,259.6,259.25,8.75,90.54,-81.79,0.003325,0.002933,16.1862,17.8107,16.7028,17.5541,21.0,218.75,24316.5,24294.8
2024-11-28,Short Straddle,09:30:00,10:09:00,breakout_stop,24270.75,24341.8,76.45,56.55,61.35,66.0,133.0,127.35,141.25,85.33,55.92,0.003817,0.0033,25.5884,26.588,27.0219,26.1551,39.0,461.25,24282.05,24270.75
2024-11-29,Short Straddle,09:30:00,10:30:00,breakout_stop,24013.85,24087.3,466.35,290.9,444.85,296.45,757.25,741.3,398.75,110.56,288.19,0.003812,0.004116,13.8889,14.5514,13.5997,14.2948,60.0,185.0,24029.1,23972.9
2024-12-02,Short Straddle,09:30:00,09:36:00,breakout_stop,24066.0,24117.9,437.9,265.0,437.3,263.1,702.9,700.4000000000001,62.5,108.52,-46.02,0.002859,0.002423,13.9194,14.0165,13.8134,13.9478,6.0,0.0,24066.0,24010.85
2024-12-03,Short Straddle,09:30:00,10:18:00,breakout_stop,24282.5,24373.55,396.9,300.05,407.35,272.0,696.95,679.35,440.0,108.09,331.91,0.00363,0.002874,13.2871,14.9463,12.7005,14.484,48.0,67.5,24313.3,24282.5
2024-12-04,Short Straddle,09:30:00,11:57:00,breakout_stop,24519.65,24414.0,394.25,279.25,382.0,289.5,673.5,671.5,50.0,107.34,-57.34,0.002777,0.0054,12.571,14.8427,12.3025,15.2492,147.0,0.0,24519.65,24473.5
2024-12-05,Short Straddle,09:30:00,09:48:00,breakout_stop,24522.35,24419.75,396.8,286.25,410.9,303.1,683.05,714.0,-773.75,108.14,-881.89,0.00222,0.0044,13.0733,15.4145,13.8292,16.1528,18.0,773.75,24522.35,24499.95
2024-12-06,Short Straddle,09:30:00,10:15:00,breakout_stop,24698.75,24630.6,376.7,296.15,355.6,287.15,672.8499999999999,642.75,752.5,106.96,645.54,0.003399,0.005197,13.145,15.5469,12.7234,14.8403,45.0,27.5,24711.85,24692.15
2024-12-10,Short Straddle,09:30:00,12:39:00,breakout_stop,24625.1,24542.8,324.1,264.0,331.95,262.5,588.1,594.45,-158.75,103.97,-262.72,0.00295,0.003149,13.5212,14.7129,13.5673,15.1169,189.0,158.75,24632.25,24596.0
2024-12-11,Short Straddle,09:30:00,11:36:00,breakout_stop,24630.75,24681.7,300.35,242.9,304.0,225.0,543.25,529.0,356.25,101.89,254.36,0.002791,0.003341,12.7898,14.0999,12.9682,13.2241,126.0,232.5,24630.75,24615.8
2024-12-12,Short Straddle,09:30:00,12:00:00,breakout_stop,24663.05,24576.95,296.05,192.9,280.8,216.45,488.95000000000005,497.25,-207.5,99.97,-307.47,0.002202,0.003023,12.246,12.5573,12.6114,13.0161,150.0,370.0,24663.05,24638.9
2024-12-16,Short Straddle,09:30:00,10:57:00,breakout_stop,24703.9,24653.75,269.15,209.9,275.4,217.85,479.04999999999995,493.25,-355.0,99.64,-454.64,0.002815,0.003728,13.9924,14.8422,14.4697,15.3847,87.0,355.0,24740.05,24703.5
2024-12-17,Short Straddle,09:30:00,09:48:00,breakout_stop,24595.6,24525.5,274.65,212.95,262.25,224.1,487.59999999999997,486.35,31.25,99.79,-68.54,0.003452,0.0032,15.6813,15.4336,15.6262,15.5872,18.0,175.0,24607.8,24586.85
2024-12-18,Short Straddle,09:30:00,10:57:00,breakout_stop,24324.95,24226.2,278.55,201.9,243.75,198.35,480.45000000000005,442.1,958.75,99.04,859.71,0.003959,0.004869,16.2392,16.4577,15.7714,14.7426,87.0,0.0,24351.75,24280.8
2024-12-24,Short Straddle,09:30:00,10:15:00,breakout_stop,23724.85,23833.6,109.0,76.4,93.35,79.6,185.4,172.95,311.25,87.38,223.87,0.003616,0.003281,11.8382,12.7744,12.7247,10.6108,45.0,0.0,23773.8,23724.85
2024-12-27,Short Straddle,09:30:00,09:54:00,breakout_stop,23842.8,23919.55,476.7,324.0,501.05,299.9,800.7,800.95,-6.25,112.53,-118.78,0.003416,0.003001,12.3666,14.5871,12.6244,14.0972,24.0,6.25,23856.1,23823.25
2025-01-01,Short Straddle,09:30:00,10:48:00,breakout_stop,23613.75,23739.1,460.0,314.35,468.1,319.15,774.35,787.25,-322.5,111.62,-434.12,0.003786,0.003705,13.1702,15.346,13.9485,15.0676,78.0,392.5,23660.85,23613.75
2025-01-06,Short Straddle,09:30:00,09:39:00,breakout_stop,24057.75,23967.65,376.95,318.75,386.0,320.4,695.7,706.4,-267.5,108.4,-375.9,0.003699,0.00383,11.5906,16.0918,11.7884,16.3902,9.0,267.5,24081.7,24022.4
2025-01-07,Short Straddle,09:30:00,09:51:00,breakout_stop,23766.8,23667.6,415.45,301.2,427.95,305.7,716.65,733.65,-425.0,109.33,-534.33,0.00356,0.003663,13.6218,15.9003,14.2191,16.1661,21.0,425.0,23766.8,23731.95
2025-01-08,Short Straddle,09:30:00,10:24:00,breakout_stop,23633.65,23584.7,368.9,305.4,375.55,292.6,674.3,668.1500000000001,153.75,107.32,46.43,0.002427,0.003895,12.9634,15.7475,13.2803,15.2449,54.0,0.0,23697.7,23633.65
2025-01-09,Short Straddle,09:30:00,10:45:00,breakout_stop,23606.0,23551.55,368.65,279.75,368.95,273.9,648.4,642.8499999999999,138.75,106.27,32.48,0.003131,0.003597,12.8725,15.2993,13.0621,14.9901,75.0,25.0,23638.7,23606.0
2025-01-10,Short Straddle,09:30:00,09:33:00,breakout_stop,23499.0,23448.1,362.75,285.0,370.2,294.8,647.75,665.0,-431.25,106.53,-537.78,0.003717,0.00293,13.3407,15.6994,13.7455,16.1607,3.0,431.25,23588.95,23499.0
2025-01-14,Short Straddle,09:30:00,10:18:00,breakout_stop,23189.75,23140.85,324.8,274.0,322.15,261.8,598.8,583.95,371.25,104.14,267.11,0.003467,0.003512,14.1645,16.3377,14.0524,15.7722,48.0,0.0,23221.15,23189.75
2025-01-15,Short Straddle,09:30:00,10:45:00,breakout_stop,23198.6,23290.65,300.65,248.6,284.45,244.2,549.25,528.65,515.0,102.06,412.94,0.003349,0.003767,13.2491,15.5642,12.5863,15.1036,75.0,235.0,23230.3,23198.6
2025-01-16,Short Straddle,09:30:00,14:30:00,time_stop,23355.65,23296.05,279.35,218.0,298.75,227.65,497.35,526.4,-726.25,100.57,-826.82,0.00204,0.003639,12.3992,14.3433,13.9448,14.7434,300.0,726.25,23355.65,23326.65
2025-01-20,Short Straddle,09:30:00,11:15:00,breakout_stop,23195.65,23303.55,284.1,239.15,264.25,211.85,523.25,476.1,1178.75,100.67,1078.08,0.003546,0.00454,16.3116,17.3332,14.7368,15.7771,105.0,122.5,23249.2,23195.65
2025-01-21,Short Straddle,09:30:00,09:57:00,breakout_stop,23375.75,23299.15,241.3,237.25,266.8,224.15,478.55,490.95000000000005,-310.0,99.6,-409.6,0.003084,0.003854,15.0596,17.1477,16.0324,17.0767,27.0,310.0,23413.8,23375.75
2025-01-22,Short Straddle,09:30:00,12:00:00,breakout_stop,23084.55,23026.7,250.0,210.5,230.25,208.5,460.5,438.75,543.75,98.44,445.31,0.003219,0.004486,16.7128,16.5096,15.7451,16.207,150.0,145.0,23109.2,23080.35
2025-01-27,Short Straddle,09:30:00,10:27:00,breakout_stop,22967.2,22854.3,186.9,163.1,180.3,178.15,350.0,358.45000000000005,-211.25,94.32,-305.57,0.003873,0.004613,19.3842,20.9899,19.6419,22.2476,57.0,226.25,22967.2,22915.05
2025-01-31,Short Straddle,09:30:00,09:45:00,breakout_stop,23319.4,23374.5,540.3,384.8,526.4,382.4,925.0999999999999,908.8,407.5,117.38,290.12,0.003696,0.002882,17.2734,18.7644,16.5566,18.7237,15.0,0.0,23326.05,23294.8
2025-02-05,Short Straddle,09:30:00,14:30:00,time_stop,23771.65,23749.6,353.5,280.45,337.95,269.0,633.95,606.95,675.0,105.42,569.58,0.003813,0.004276,11.2378,15.3155,11.2216,14.4533,300.0,0.0,23771.65,23751.7
2025-02-06,Short Straddle,09:30:00,10:00:00,breakout_stop,23680.0,23628.4,338.9,284.15,343.9,281.2,623.05,625.0999999999999,-51.25,105.34,-156.59,0.00329,0.002188,12.1455,14.9414,12.3305,14.8093,30.0,293.75,23726.25,23680.0
2025-02-07,Short Straddle,09:30:00,10:24:00,breakout_stop,23592.7,23524.4,340.7,269.65,346.95,234.65,610.3499999999999,581.6,718.75,104.44,614.31,0.003622,0.004588,12.4234,14.817,11.935,13.8826,54.0,0.0,23594.45,23577.8
2025-02-11,Short Straddle,09:30:00,10:15:00,breakout_stop,23313.6,23265.85,328.0,237.3,311.05,234.8,565.3,545.85,486.25,102.72,383.53,0.002471,0.003281,13.5565,14.9242,12.6599,14.8815,45.0,0.0,23358.9,23312.75
2025-02-12,Short Straddle,09:30:00,09:39:00,breakout_stop,22956.0,22899.75,319.95,231.25,323.75,223.95,551.2,547.7,87.5,102.35,-14.85,0.002635,0.002768,14.2438,14.9465,14.6826,14.4322,9.0,0.0,23046.45,22956.0
2025-02-18,Short Straddle,09:30:00,10:27:00,breakout_stop,22876.15,22827.15,242.8,229.95,242.05,226.5,472.75,468.55,105.0,99.15,5.85,0.003501,0.003803,15.5233,16.9899,15.5156,16.8448,57.0,2.5,22930.9,22876.15
2025-02-19,Short Straddle,09:30:00,09:45:00,breakout_stop,22870.1,22929.5,237.5,172.4,211.1,189.25,409.9,400.35,238.75,96.53,142.22,0.003647,0.002707,14.5768,15.0621,14.2052,14.8903,15.0,0.0,22870.1,22844.05
2025-02-20,Short Straddle,09:30:00,12:06:00,profit_target,22864.0,22894.95,211.25,162.3,181.85,154.0,373.55,335.85,942.5,94.7,847.8,0.003376,0.004076,14.024,14.8395,12.6311,13.5641,156.0,0.0,22867.75,22847.0
2025-02-21,Short Straddle,09:30:00,09:48:00,breakout_stop,22899.55,22822.3,169.4,141.6,198.4,134.0,311.0,332.4,-535.0,92.9,-627.9,0.003963,0.003103,12.4962,13.4152,13.9671,13.6967,18.0,535.0,22919.5,22887.6
2025-02-24,Short Straddle,09:30:00,10:06:00,breakout_stop,22631.8,22566.25,131.25,125.5,160.45,95.75,256.75,256.2,13.75,90.42,-76.67,0.003809,0.003692,15.2948,14.8487,16.7547,13.3562,36.0,191.25,22631.8,22614.75
2025-02-25,Short Straddle,09:30:00,09:48:00,breakout_stop,22566.2,22619.2,110.75,62.55,97.55,59.4,173.3,156.95,408.75,86.84,321.91,0.00281,0.002637,13.4462,10.8557,11.3272,10.5928,18.0,0.0,22566.2,22544.1
2025-02-27,Short Straddle,09:30:00,09:42:00,profit_target,22558.85,22560.2,42.6,22.0,33.2,24.0,64.6,57.2,185.0,82.53,102.47,0.003451,0.001735,15.8317,11.4444,11.6762,12.7671,12.0,50.0,22583.45,22555.75
2025-02-28,Short Straddle,09:30:00,09:54:00,breakout_stop,22301.85,22241.8,404.0,246.95,395.2,258.7,650.95,653.9,-73.75,106.48,-180.23,0.003982,0.003392,12.9259,13.3759,12.8487,13.7219,24.0,78.75,22336.1,22301.85
2025-03-03,Short Straddle,09:30:00,09:45:00,breakout_stop,22163.95,22099.9,395.75,238.8,390.0,249.75,634.55,639.75,-130.0,105.84,-235.84,0.003912,0.003688,13.6004,13.7652,13.7555,14.0216,15.0,130.0,22246.5,22163.95
2025-03-04,Short Straddle,09:30:00,10:00:00,breakout_stop,22011.55,22087.15,375.05,231.15,363.45,238.0,606.2,601.45,118.75,104.57,14.18,0.003987,0.003382,13.2782,13.6172,13.3294,13.4161,30.0,80.0,22037.05,21969.0
2025-03-05,Short Straddle,09:30:00,09:45:00,breakout_stop,22203.3,22254.35,340.55,233.95,343.55,236.1,574.5,579.65,-128.75,103.4,-232.15,0.00361,0.002603,12.1901,13.6682,12.2704,13.7661,15.0,152.5,22203.3,22125.85
2025-03-11,Short Straddle,09:30:00,10:09:00,breakout_stop,22341.4,22415.55,278.45,232.05,293.85,219.7,510.5,513.55,-76.25,100.78,-177.03,0.003825,0.003388,12.2706,14.6544,12.3328,14.5353,39.0,136.25,22365.3,22334.2
2025-03-12,Short Straddle,09:30:00,10:51:00,breakout_stop,22471.55,22407.35,279.55,218.25,270.5,212.95,497.8,483.45,358.75,100.04,258.71,0.002639,0.003244,11.8809,14.8803,11.9042,14.2926,81.0,0.0,22564.55,22461.7
2025-03-13,Short Straddle,09:30:00,10:00:00,breakout_stop,22468.65,22545.4,250.0,189.0,237.65,191.0,439.0,428.65,258.75,97.7,161.05,0.003552,0.002797,10.884,13.4882,10.9027,12.9865,30.0,0.0,22496.55,22468.65
2025-03-19,Short Straddle,09:30:00,10:42:00,breakout_stop,22852.0,22907.9,210.7,144.8,204.05,138.3,355.5,342.35,328.75,94.28,234.47,0.002936,0.003949,13.3439,12.4373,12.6322,12.1546,72.0,51.25,22862.1,22822.9
2025-03-20,Short Straddle,09:30:00,12:57:00,breakout_stop,23063.65,23114.0,178.65,132.35,165.0,127.6,311.0,292.6,460.0,92.4,367.6,0.003397,0.003506,11.3561,12.3783,10.3882,12.0857,207.0,0.0,23065.2,23018.6
2025-03-21,Short Straddle,09:30:00,09:39:00,breakout_stop,23212.35,23266.1,147.25,118.3,152.0,118.25,265.55,270.25,-117.5,90.85,-208.35,0.003574,0.002378,9.8683,11.7999,10.0678,11.9147,9.0,117.5,23212.35,23158.2
2025-03-25,Short Straddle,09:30:00,09:45:00,breakout_stop,23750.25,23799.9,145.8,135.25,136.35,125.4,281.05,261.75,482.5,91.18,391.32,0.003813,0.002158,18.5937,19.1763,17.3522,17.8289,15.0,0.0,23750.25,23673.05
2025-03-26,Short Straddle,09:30:00,09:45:00,breakout_stop,23694.6,23632.65,100.8,96.15,98.9,88.2,196.95,187.10000000000002,246.25,87.88,158.37,0.003347,0.004151,17.9873,17.6357,18.8441,15.1945,15.0,2.5,23720.6,23690.25
2025-03-27,Short Straddle,09:30:00,09:45:00,profit_target,23541.7,23537.35,62.75,55.55,54.7,51.6,118.3,106.30000000000001,300.0,84.66,215.34,0.003373,0.003441,26.9408,21.2664,25.0459,19.1008,15.0,168.75,23543.85,23447.95
2025-04-02,Short Straddle,09:30:00,14:30:00,time_stop,23270.1,23300.9,439.3,263.0,408.0,270.7,702.3,678.7,590.0,108.24,481.76,0.003483,0.0044,12.8371,13.758,12.0862,13.7581,300.0,190.0,23270.1,23173.35
2025-04-03,Short Straddle,09:30:00,14:30:00,time_stop,23225.6,23251.55,395.65,280.0,400.0,264.0,675.65,664.0,291.25,107.3,183.95,0.002588,0.004067,12.5166,13.8404,12.1905,13.6632,300.0,131.25,23258.65,23215.0
2025-04-04,Short Straddle,09:30:00,09:57:00,breakout_stop,23058.8,22992.2,372.0,271.7,385.0,278.05,643.7,663.05,-483.75,106.39,-590.14,0.003875,0.003361,12.0199,14.3182,12.2449,14.3215,27.0,657.5,23119.95,23048.7
2025-04-15,Short Straddle,09:30:00,12:33:00,breakout_stop,23288.1,23346.6,341.3,267.85,336.3,261.0,609.1500000000001,597.3,296.25,104.6,191.65,0.003807,0.003525,15.6556,16.2815,15.1875,16.1378,183.0,90.0,23297.65,23274.1
2025-04-22,Short Straddle,09:30:00,10:24:00,breakout_stop,24157.7,24208.0,229.3,199.7,228.25,198.0,429.0,426.25,68.75,97.39,-28.64,0.003957,0.003129,13.5895,15.8591,13.5127,15.7493,54.0,108.75,24157.7,24097.2
2025-04-23,Short Straddle,09:30:00,10:03:00,breakout_stop,24315.0,24254.3,219.4,178.8,217.8,181.8,398.20000000000005,399.6,-35.0,96.19,-131.19,0.003689,0.003313,13.631,15.3008,14.0104,15.2126,33.0,205.0,24348.4,24315.0
2025-04-30,Short Straddle,09:30:00,09:42:00,profit_target,24337.7,24346.8,23.4,45.1,27.8,31.0,68.5,58.8,242.5,82.66,159.84,0.003517,0.001498,11.2068,15.6051,11.4725,12.1159,12.0,0.0,24337.7,24276.85
2025-05-06,Short Straddle,09:30:00,10:18:00,breakout_stop,24452.25,24376.3,442.05,356.95,428.75,357.1,799.0,785.85,328.75,112.3,216.45,0.002738,0.002599,14.5811,17.5695,14.6968,17.1459,48.0,0.0,24478.05,24433.0
2025-05-08,Short Straddle,09:30:00,13:54:00,breakout_stop,24380.8,24326.5,398.0,343.0,417.45,381.6,741.0,799.05,-1451.25,110.83,-1562.08,0.002641,0.004118,14.2349,17.1419,15.3114,18.8093,264.0,1451.25,24419.1,24380.8
2025-05-15,Short Straddle,09:30:00,09:42:00,breakout_stop,24605.65,24546.9,340.75,257.75,352.0,256.95,598.5,608.95,-261.25,104.44,-365.69,0.002566,0.003052,14.8368,15.8015,15.7215,15.5881,12.0,261.25,24619.1,24596.1
2025-05-19,Short Straddle,09:30:00,14:00:00,breakout_stop,25030.95,24957.3,280.55,257.1,286.75,242.5,537.6500000000001,529.25,210.0,101.74,108.26,0.003821,0.003168,15.2037,16.868,14.9594,16.8948,270.0,115.0,25037.6,25014.45
2025-05-20,Short Straddle,09:30:00,09:51:00,breakout_stop,24955.0,24870.55,279.75,226.45,299.0,220.0,506.2,519.0,-320.0,100.72,-420.72,0.003913,0.002953,15.4289,16.3722,16.1966,16.4742,21.0,320.0,24976.4,24935.65
2025-05-21,Short Straddle,09:30:00,09:39:00,breakout_stop,24755.1,24815.7,271.6,212.9,281.85,212.5,484.5,494.35,-246.25,99.81,-346.06,0.003426,0.002834,16.1781,16.3319,16.4496,16.6047,9.0,246.25,24755.1,24708.25
2025-05-22,Short Straddle,09:30:00,11:09:00,profit_target,24554.0,24599.75,252.85,211.75,229.55,186.85,464.6,416.4,1205.0,98.27,1106.73,0.003639,0.004891,16.3547,17.1999,14.8798,15.2736,99.0,0.0,24672.75,24554.0
2025-05-23,Short Straddle,09:30:00,09:42:00,breakout_stop,24724.15,24781.4,223.45,172.05,202.2,189.55,395.5,391.75,93.75,96.02,-2.27,0.003276,0.002708,14.6175,15.7921,14.7118,15.5729,12.0,0.0,24725.65,24630.35
2025-05-30,Short Straddle,09:30:00,10:45:00,breakout_stop,24862.0,24726.0,482.2,349.6,464.35,369.6,831.8,833.95,-53.75,113.82,-167.57,0.003733,0.003584,13.9161,16.3406,14.1274,16.5783,75.0,53.75,24862.0,24783.5
2025-06-05,Short Straddle,09:30:00,12:03:00,breakout_stop,24713.0,24807.6,419.25,297.1,416.0,296.4,716.35,712.4,98.75,109.05,-10.3,0.00294,0.003225,14.1399,15.6063,14.1162,15.4513,153.0,0.0,24715.5,24631.5
2025-06-06,Short Straddle,09:30:00,10:06:00,breakout_stop,24724.35,24798.75,392.35,285.0,371.0,286.05,677.35,657.05,507.5,107.26,400.24,0.002736,0.005335,13.177,15.5379,12.841,15.061,36.0,153.75,24748.1,24724.35
2025-06-10,Short Straddle,09:30:00,14:30:00,time_stop,25099.2,25121.55,336.05,263.15,326.75,236.7,599.2,563.45,893.75,103.9,789.85,0.003016,0.00455,13.1501,14.963,12.1968,14.2167,300.0,175.0,25147.0,25089.25
2025-06-11,Short Straddle,09:30:00,11:15:00,breakout_stop,25135.15,25195.15,290.1,247.6,302.7,237.1,537.7,539.8,-52.5,101.87,-154.37,0.002843,0.002735,11.8507,14.194,12.207,13.8933,105.0,81.25,25136.65,25118.4
2025-06-12,Short Straddle,09:30:00,09:42:00,breakout_stop,25183.3,25103.5,284.5,232.0,305.1,226.4,516.5,531.5,-375.0,101.17,-476.17,0.002851,0.002134,12.19,13.6644,12.727,13.8822,12.0,375.0,25183.3,25155.2
2025-06-17,Short Straddle,09:30:00,12:51:00,breakout_stop,24898.05,24823.15,242.0,214.0,247.45,198.95,456.0,446.4,240.0,98.4,141.6,0.003814,0.003741,13.3018,15.4079,12.9429,15.3058,201.0,91.25,24954.2,24878.45
2025-06-18,Short Straddle,09:30:00,11:33:00,breakout_stop,24917.25,24769.45,234.5,188.7,238.1,195.75,423.2,433.85,-266.25,97.33,-363.58,0.002872,0.003465,13.1074,14.9794,13.4524,15.6691,123.0,266.25,24917.25,24829.25
2025-06-19,Short Straddle,09:30:00,14:30:00,time_stop,24820.45,24824.15,207.2,167.25,213.6,168.5,374.45,382.1,-191.25,95.31,-286.56,0.003971,0.00334,12.208,14.3639,12.7629,14.74,300.0,203.75,24820.45,24747.7
2025-06-25,Short Straddle,09:30:00,12:18:00,profit_target,25179.05,25190.35,82.9,88.55,82.85,70.9,171.45,153.75,442.5,86.74,355.76,0.003277,0.003396,15.133,13.9942,14.9671,12.5036,168.0,248.75,25179.05,25157.9
2025-06-26,Short Straddle,09:30:00,09:39:00,profit_target,25358.65,25350.0,83.05,61.3,68.05,60.9,144.35,128.95,385.0,85.67,299.33,0.003943,0.003293,29.4543,25.1386,25.7896,23.6916,9.0,162.5,25358.65,25294.75
2025-06-30,Short Straddle,09:30:00,10:00:00,breakout_stop,25617.2,25547.45,436.45,303.0,442.0,300.75,739.45,742.75,-82.5,110.08,-192.58,0.00299,0.002674,10.2256,13.7756,10.885,13.4456,30.0,131.25,25640.4,25602.65
2025-07-02,Short Straddle,09:30:00,10:36:00,breakout_stop,25565.05,25500.9,404.8,285.55,397.8,291.9,690.35,689.7,16.25,108.04,-91.79,0.003444,0.002691,9.806,13.3994,9.9149,13.4472,66.0,180.0,25601.4,25561.95
2025-07-03,Short Straddle,09:30:00,14:30:00,time_stop,25459.0,25416.15,380.85,285.0,398.2,280.25,665.85,678.45,-315.0,107.21,-422.21,0.003325,0.003647,9.4431,13.461,10.021,13.4419,300.0,315.0,25532.4,25435.45
2025-07-04,Short Straddle,09:30:00,11:45:00,breakout_stop,25413.6,25338.9,375.0,275.8,366.7,297.9,650.8,664.5999999999999,-345.0,106.61,-451.61,0.003789,0.002524,9.4727,13.3468,9.7947,13.8225,135.0,361.25,25438.65,25403.05
2025-07-08,Short Straddle,09:30:00,14:30:00,time_stop,25473.15,25462.6,359.0,254.8,346.45,242.1,613.8,588.55,631.25,104.62,526.63,0.003076,0.003044,10.022,13.274,9.8553,12.5994,300.0,0.0,25486.2,25455.3
2025-07-09,Short Straddle,09:30:00,11:15:00,breakout_stop,25478.7,25542.15,316.75,244.0,323.5,239.15,560.75,562.65,-47.5,102.8,-150.3,0.002583,0.002463,9.7535,12.2341,9.7035,12.2599,105.0,201.25,25490.6,25478.7
2025-07-10,Short Straddle,09:30:00,10:51:00,breakout_stop,25434.8,25383.55,300.0,248.1,304.8,251.85,548.1,556.65,-213.75,102.37,-316.12,0.002445,0.003082,9.3219,12.6901,9.6032,12.8536,81.0,263.75,25498.35,25434.8
2025-07-11,Short Straddle,09:30:00,10:30:00,breakout_stop,25294.65,25223.4,282.4,224.9,302.65,210.1,507.29999999999995,512.75,-136.25,100.68,-236.93,0.002601,0.00255,8.7835,12.1163,8.9631,12.0339,60.0,136.25,25311.55,25289.0
2025-07-14,Short Straddle,09:30:00,13:06:00,breakout_stop,25067.2,25002.75,284.25,213.3,285.75,206.5,497.55,492.25,132.5,100.15,32.35,0.003235,0.00386,9.672,12.716,10.2532,12.1636,216.0,87.5,25101.55,25058.45
2025-07-15,Short Straddle,09:30:00,11:00:00,breakout_stop,25139.05,25213.3,254.0,201.05,265.8,192.25,455.05,458.05,-75.0,98.52,-173.52,0.001315,0.002836,9.4512,11.7526,9.3305,11.8182,90.0,270.0,25147.4,25130.95
2025-07-16,Short Straddle,09:30:00,12:45:00,breakout_stop,25151.35,25227.05,236.2,187.8,216.65,198.4,424.0,415.05,223.75,97.11,126.64,0.003139,0.002727,8.7018,11.5869,8.4575,11.5855,195.0,7.5,25175.5,25140.0
2025-07-17,Short Straddle,09:30:00,14:18:00,breakout_stop,25192.85,25137.7,213.55,175.0,217.95,173.7,388.55,391.65,-77.5,95.82,-173.32,0.003525,0.003156,8.2754,10.9726,8.7837,10.8552,288.0,502.5,25222.15,25192.85
2025-07-18,Short Straddle,09:30:00,10:06:00,breakout_stop,25079.3,25019.1,207.0,171.3,238.65,154.8,378.3,393.45000000000005,-378.75,95.56,-474.31,0.002337,0.00262,8.9083,10.7437,9.4205,10.8099,36.0,378.75,25094.1,25069.3
2025-07-21,Short Straddle,09:30:00,09:54:00,breakout_stop,24899.95,25035.25,193.8,159.85,195.95,161.1,353.65,357.04999999999995,-85.0,94.41,-179.41,0.003488,0.002914,9.4121,11.5948,9.986,11.2244,24.0,162.5,24967.85,24898.2
2025-07-22,Short Straddle,09:30:00,11:06:00,breakout_stop,25138.15,25061.25,162.65,151.4,177.0,140.0,314.05,317.0,-73.75,92.8,-166.55,0.002743,0.002464,8.4765,11.0419,8.6344,11.0265,96.0,125.0,25161.6,25121.95
2025-07-23,Short Straddle,09:30:00,13:57:00,breakout_stop,25108.25,25191.6,161.2,120.35,152.15,120.6,281.54999999999995,272.75,220.0,91.33,128.67,0.002662,0.00276,8.3848,10.0132,8.5205,9.5801,267.0,5.0,25138.5,25108.25
2025-07-24,Short Straddle,09:30:00,11:18:00,breakout_stop,25189.25,25132.85,132.65,115.5,135.75,119.6,248.15,255.35,-180.0,90.17,-270.17,0.002565,0.002481,7.9104,9.4847,8.4671,9.6178,108.0,188.75,25212.45,25188.65
2025-07-29,Short Straddle,09:30:00,11:51:00,profit_target,24703.05,24686.05,115.35,88.7,95.6,86.35,204.05,181.95,552.5,88.01,464.49,0.003682,0.003204,13.7047,12.6171,12.6065,11.4622,141.0,95.0,24710.4,24653.35
2025-07-30,Short Straddle,09:30:00,12:12:00,profit_target,24844.75,24851.85,70.6,73.45,68.3,59.55,144.05,127.85,405.0,85.65,319.35,0.002457,0.003546,11.8969,12.9493,11.4628,11.6139,162.0,90.0,24853.0,24827.0
2025-07-31,Short Straddle,09:30:00,09:57:00,profit_target,24712.65,24694.1,57.8,52.05,40.95,57.15,109.85,98.1,293.75,84.32,209.43,0.00328,0.001558,19.5583,22.9132,17.427,22.2251,27.0,22.5,24714.6,24661.25
2025-08-01,Short Straddle,09:30:00,12:42:00,breakout_stop,24698.8,24635.45,335.0,265.25,325.9,270.2,600.25,596.0999999999999,103.75,104.33,-0.58,0.003873,0.004413,8.55,12.96,8.58,12.98,192.0,102.5,24731.2,24686.9
2025-08-05,Short Straddle,09:30:00,09:48:00,breakout_stop,24664.9,24614.25,314.15,234.3,318.55,240.0,548.45,558.55,-252.5,102.41,-354.91,0.002893,0.002743,8.66,12.57,8.93,12.8,18.0,252.5,24706.3,24664.9
2025-08-06,Short Straddle,09:30:00,10:33:00,breakout_stop,24641.4,24570.4,298.7,230.95,312.1,215.3,529.65,527.4000000000001,56.25,101.49,-45.24,0.001534,0.003283,9.02,12.16,8.87,12.07,63.0,281.25,24670.85,24641.4
2025-08-07,Short Straddle,09:30:00,10:27:00,breakout_stop,24530.65,24450.7,275.9,223.85,294.0,218.6,499.75,512.6,-321.25,100.46,-421.71,0.002801,0.002805,8.72,11.88,9.06,12.04,57.0,467.5,24530.65,24508.5
2025-08-11,Short Straddle,09:30:00,11:21:00,breakout_stop,24383.85,24471.05,271.5,215.1,284.0,193.1,486.6,477.1,237.5,99.65,137.85,0.003174,0.003047,10.24,12.27,9.74,12.01,111.0,225.0,24421.3,24383.75
2025-08-12,Short Straddle,09:30:00,09:57:00,breakout_stop,24634.2,24684.7,240.95,197.95,244.05,196.6,438.9,440.65,-43.75,97.85,-141.6,0.002738,0.002158,9.03,11.61,9.16,11.54,27.0,96.25,24634.2,24568.95
2025-08-13,Short Straddle,09:30:00,13:48:00,breakout_stop,24545.9,24644.6,254.25,181.45,252.7,169.15,435.7,421.85,346.25,97.53,248.72,0.003534,0.003186,9.92,11.27,9.91,10.63,258.0,203.75,24593.25,24545.9
2025-08-14,Short Straddle,09:30:00,14:30:00,time_stop,24627.9,24618.85,229.95,180.25,244.05,171.1,410.2,415.15,-123.75,96.73,-220.48,0.002716,0.00298,9.66,11.01,9.27,11.51,300.0,261.25,24653.65,24624.3
2025-08-19,Short Straddle,09:30:00,12:18:00,breakout_stop,24908.8,24992.2,194.65,138.0,188.45,134.15,332.65,322.6,251.25,93.39,157.86,0.002746,0.002557,9.65,10.69,9.86,10.04,168.0,0.0,24929.3,24904.45
2025-08-20,Short Straddle,09:30:00,10:33:00,breakout_stop,24938.3,25005.65,156.3,136.65,164.15,130.95,292.95000000000005,295.1,-53.75,91.93,-145.68,0.002719,0.002446,8.63,10.43,8.48,10.56,63.0,105.0,24952.5,24934.05
2025-08-21,Short Straddle,09:30:00,10:30:00,breakout_stop,25082.3,25140.6,140.4,125.55,141.6,120.0,265.95,261.6,108.75,90.75,18.0,0.002568,0.002599,8.46,9.85,8.24,9.73,60.0,188.75,25088.3,25065.3
2025-08-22,Short Straddle,09:30:00,11:15:00,breakout_stop,24956.85,24899.4,134.55,112.25,128.7,103.9,246.8,232.6,355.0,89.85,265.15,0.002929,0.003129,7.9,10.26,7.89,9.41,105.0,0.0,25037.55,24956.85
2025-08-25,Short Straddle,09:30:00,12:30:00,profit_target,24944.9,24976.65,96.9,87.5,88.9,76.5,184.4,165.4,475.0,87.25,387.75,0.003103,0.003225,8.78,9.81,9.06,7.93,180.0,67.5,24947.3,24922.2
2025-08-26,Short Straddle,09:30:00,10:57:00,profit_target,24795.45,24793.15,80.25,74.65,67.6,71.35,154.9,138.95,398.75,86.09,312.66,0.002902,0.002962,8.82,9.68,7.43,9.36,87.0,32.5,24870.1,24795.45
2025-08-29,Short Straddle,09:30:00,14:30:00,time_stop,24515.9,24473.7,407.4,252.75,403.7,242.6,660.15,646.3,346.25,106.65,239.6,0.003718,0.003747,9.47,12.27,9.22,12.05,300.0,125.0,24543.65,24515.9
2025-09-01,Short Straddle,09:30:00,13:06:00,breakout_stop,24527.6,24586.85,355.6,249.6,359.25,234.6,605.2,593.85,283.75,104.44,179.31,0.003928,0.002864,9.28,11.88,9.22,11.48,216.0,228.75,24531.25,24510.65
2025-09-02,Short Straddle,09:30:00,09:57:00,breakout_stop,24669.2,24724.45,354.5,220.85,357.5,216.5,575.35,574.0,33.75,103.36,-69.61,0.003044,0.002501,8.52,11.48,8.45,11.4,27.0,0.0,24669.2,24636.3
2025-09-03,Short Straddle,09:30:00,12:39:00,breakout_stop,24572.15,24646.95,349.9,220.0,334.3,223.7,569.9,558.0,297.5,103.0,194.5,0.00326,0.003296,8.64,11.63,8.63,11.39,189.0,0.0,24597.45,24548.65
2025-09-05,Short Straddle,09:30:00,10:09:00,breakout_stop,24799.15,24713.5,304.15,205.2,321.5,208.3,509.34999999999997,529.8,-511.25,100.95,-612.2,0.00319,0.002881,7.91,10.84,8.29,11.22,39.0,511.25,24824.9,24783.2
2025-09-08,Short Straddle,09:30:00,12:39:00,breakout_stop,24815.8,24865.55,303.9,195.5,311.45,186.35,499.4,497.79999999999995,40.0,100.27,-60.27,0.002915,0.002825,8.51,11.05,8.84,10.67,189.0,151.25,24815.8,24769.85
2025-09-09,Short Straddle,09:30:00,14:30:00,time_stop,24857.9,24881.2,292.9,189.85,269.7,207.0,482.75,476.7,151.25,99.54,51.71,0.002585,0.003293,8.58,10.82,8.35,11.07,300.0,327.5,24866.35,24845.65
2025-09-10,Short Straddle,09:30:00,14:30:00,time_stop,24985.95,24942.65,259.5,195.65,280.2,175.4,455.15,455.6,-11.25,98.5,-109.75,0.00334,0.003744,7.96,10.77,8.86,10.02,300.0,375.0,24990.65,24966.3
2025-09-11,Short Straddle,09:30:00,14:30:00,time_stop,24982.4,24999.1,259.85,180.45,266.0,162.6,440.3,428.6,292.5,97.74,194.76,0.002704,0.00277,8.5,10.18,8.43,9.7,300.0,231.25,25003.3,24963.6
2025-09-12,Short Straddle,09:30:00,11:24:00,breakout_stop,25044.8,25125.9,248.9,159.3,233.95,172.0,408.20000000000005,405.95,56.25,96.56,-40.3,0.00131,0.002557,8.07,9.53,7.87,9.75,114.0,130.0,25070.2,25044.8
2025-09-15,Short Straddle,09:30:00,14:30:00,time_stop,25101.15,25079.45,236.1,155.0,220.95,153.9,391.1,374.85,406.25,95.69,310.56,0.001484,0.002805,8.55,9.89,8.54,9.42,300.0,90.0,25113.25,25095.3
2025-09-16,Short Straddle,09:30:00,10:00:00,breakout_stop,25117.7,25175.45,233.15,140.25,221.05,153.0,373.4,374.05,-16.25,95.18,-111.43,0.003271,0.002777,8.38,9.67,8.94,9.44,30.0,166.25,25120.5,25079.25
2025-09-17,Short Straddle,09:30:00,14:30:00,time_stop,25308.55,25293.1,219.05,126.5,220.45,125.65,345.55,346.1,-13.75,94.04,-107.79,0.002019,0.00339,8.34,8.89,9.0,8.55,300.0,193.75,25320.95,25286.7
2025-09-18,Short Straddle,09:30:00,14:06:00,breakout_stop,25417.75,25347.25,215.55,107.75,209.65,111.05,323.3,320.7,65.0,93.1,-28.1,0.002896,0.002679,8.39,8.24,8.88,7.96,276.0,93.75,25434.6,25403.25
2025-09-19,Short Straddle,09:30:00,11:45:00,breakout_stop,25353.1,25296.8,176.9,117.5,184.1,121.55,294.4,305.65,-281.25,92.1,-373.35,0.00297,0.002773,7.31,8.64,7.99,8.74,135.0,463.75,25379.55,25353.1
2025-09-22,Short Straddle,09:30:00,14:30:00,time_stop,25299.15,25231.85,171.9,108.0,168.05,103.3,279.9,271.35,213.75,91.26,122.49,0.00353,0.003113,9.1,8.72,9.67,7.99,300.0,117.5,25299.15,25216.5
2025-09-23,Short Straddle,09:30:00,09:48:00,breakout_stop,25167.55,25113.05,174.9,98.0,179.45,102.4,272.9,281.85,-223.75,91.2,-314.95,0.003661,0.002658,9.49,9.0,10.05,9.15,18.0,223.75,25237.85,25167.55
2025-09-29,Short Straddle,09:30:00,09:33:00,profit_target,24719.55,24738.2,111.2,43.55,87.0,51.05,154.75,138.05,417.5,86.08,331.42,0.002901,0.002116,14.48,8.87,13.45,7.67,3.0,0.0,24719.55,24673.7
2025-09-30,Short Straddle,09:30:00,10:12:00,profit_target,24670.9,24636.7,73.85,37.1,47.55,50.9,110.94999999999999,98.44999999999999,312.5,84.35,228.15,0.002548,0.002791,14.95,12.22,13.37,11.83,42.0,0.0,24722.9,24670.25
2025-10-01,Short Straddle,09:30:00,11:15:00,breakout_stop,24654.35,24724.45,352.8,221.15,362.25,204.3,573.95,566.55,185.0,103.22,81.78,0.002823,0.003302,9.12,11.39,8.95,11.06,105.0,76.25,24655.3,24622.85
2025-10-03,Short Straddle,09:30:00,14:30:00,time_stop,24783.65,24834.3,319.0,206.85,301.55,199.0,525.85,500.55,632.5,101.05,531.45,0.003563,0.003601,8.84,10.69,8.24,10.35,300.0,227.5,24797.75,24770.1
2025-10-06,Short Straddle,09:30:00,10:36:00,breakout_stop,24902.75,24985.5,291.75,195.0,277.55,191.1,486.75,468.65,452.5,99.55,352.95,0.002674,0.002602,8.3,10.76,8.1,10.31,66.0,16.25,24935.15,24901.85
2025-10-07,Short Straddle,09:30:00,09:51:00,breakout_stop,25117.25,25178.4,291.4,173.3,270.65,187.85,464.7,458.5,155.0,98.8,56.2,0.002675,0.00264,8.14,10.17,8.25,10.09,21.0,51.25,25119.05,25083.6
2025-10-08,Short Straddle,09:30:00,11:00:00,breakout_stop,25171.7,25074.95,283.2,156.6,277.8,163.35,439.79999999999995,441.15,-33.75,97.88,-131.63,0.003343,0.002825,7.99,9.64,7.76,10.0,90.0,33.75,25176.6,25126.95
2025-10-09,Short Straddle,09:30:00,11:33:00,breakout_stop,25096.9,25166.25,258.2,168.0,284.55,150.0,426.2,434.55,-208.75,97.42,-306.17,0.003369,0.002939,7.96,9.85,8.67,9.36,123.0,322.5,25108.1,25049.6
2025-10-10,Short Straddle,09:30:00,11:03:00,breakout_stop,25250.15,25304.1,261.35,153.7,278.4,143.5,415.05,421.9,-171.25,96.95,-268.2,0.003184,0.003309,8.41,9.31,9.06,8.93,93.0,298.75,25250.15,25204.25
2025-10-13,Short Straddle,09:30:00,14:30:00,time_stop,25164.6,25252.95,270.0,157.5,244.0,160.5,427.5,404.5,575.0,97.08,477.92,0.003282,0.003106,9.82,10.25,8.89,10.22,300.0,0.0,25210.65,25164.6
2025-10-14,Short Straddle,09:30:00,09:45:00,breakout_stop,25286.2,25230.7,227.0,166.0,240.95,168.5,393.0,409.45,-411.25,96.17,-507.42,0.002401,0.002076,8.94,10.25,9.87,10.24,15.0,411.25,25297.95,25283.7
2025-10-15,Short Straddle,09:30:00,10:57:00,breakout_stop,25264.7,25315.95,249.35,131.9,247.85,128.55,381.25,376.4,121.25,95.43,25.82,0.003976,0.002783,9.83,9.28,9.66,9.18,87.0,150.0,25264.7,25234.1
2025-10-16,Short Straddle,09:30:00,12:21:00,breakout_stop,25433.5,25490.0,207.8,132.0,212.4,128.2,339.8,340.6,-20.0,93.81,-113.81,0.0031,0.002644,8.98,8.79,9.08,8.74,171.0,330.0,25433.5,25403.6
2025-10-17,Short Straddle,09:30:00,10:09:00,breakout_stop,25602.75,25662.3,208.45,143.1,216.65,142.5,351.54999999999995,359.15,-190.0,94.38,-284.38,0.002515,0.002369,9.07,9.93,9.08,10.2,39.0,190.0,25604.4,25546.1
2025-10-24,Short Straddle,09:30:00,10:12:00,profit_target,25873.65,25876.2,167.35,71.7,121.3,91.65,239.05,212.95,652.5,89.39,563.11,0.003643,0.003009,11.89,8.38,10.15,8.25,42.0,0.0,25886.4,25855.35
2025-10-27,Short Straddle,09:30:00,10:06:00,breakout_stop,25893.6,25963.45,111.7,55.4,137.15,52.1,167.1,189.25,-553.75,87.07,-640.82,0.00353,0.002421,16.11,8.3,18.26,9.37,36.0,553.75,25893.6,25862.7
2025-10-28,Short Straddle,09:30:00,10:06:00,breakout_stop,26012.75,25901.5,88.2,50.4,74.25,58.8,138.6,133.05,138.75,85.56,53.19,0.003666,0.003206,18.27,14.35,17.48,14.89,36.0,0.0,26012.75,25957.8
2025-10-30,Short Straddle,09:30:00,12:18:00,breakout_stop,25952.25,25899.55,390.45,241.05,384.3,241.05,631.5,625.35,153.75,105.58,48.17,0.003192,0.003108,10.22,11.77,10.14,11.74,168.0,241.25,25990.55,25952.25
2025-10-31,Short Straddle,09:30:00,11:00:00,breakout_stop,25932.1,25775.0,378.3,231.6,395.15,222.4,609.9,617.55,-191.25,104.87,-296.12,0.002776,0.003205,10.6,11.2,10.38,11.59,90.0,268.75,25932.1,25846.7
2025-11-03,Short Straddle,09:30:00,09:57:00,breakout_stop,25646.45,25759.9,383.0,228.35,391.0,222.45,611.35,613.45,-52.5,104.86,-157.36,0.003696,0.002842,11.75,11.81,11.75,11.73,27.0,52.5,25700.1,25646.45
2025-11-04,Short Straddle,09:30:00,11:39:00,breakout_stop,25710.9,25652.75,361.4,231.6,353.4,230.0,593.0,583.4,240.0,103.97,136.03,0.002896,0.002485,10.94,12.31,10.84,12.16,129.0,0.0,25762.75,25710.9
2025-11-06,Short Straddle,09:30:00,10:09:00,breakout_stop,25616.9,25554.4,345.6,201.9,332.25,210.25,547.5,542.5,125.0,102.18,22.82,0.003342,0.002842,11.07,11.51,10.86,11.67,39.0,50.0,25673.15,25616.9
2025-11-07,Short Straddle,09:30:00,11:21:00,breakout_stop,25333.95,25427.9,305.0,208.25,286.75,203.5,513.25,490.25,575.0,100.56,474.44,0.003503,0.003691,10.72,11.46,10.05,11.11,111.0,201.25,25371.4,25327.4
2025-11-11,Short Straddle,09:30:00,10:36:00,breakout_stop,25516.5,25459.6,302.75,180.7,300.45,181.15,483.45,481.6,46.25,99.62,-53.37,0.003396,0.002747,11.76,11.57,11.94,11.45,66.0,45.0,25559.85,25516.5
2025-11-12,Short Straddle,09:30:00,11:06:00,breakout_stop,25795.85,25881.25,284.5,159.5,246.15,172.0,444.0,418.15,646.25,97.71,548.54,0.00309,0.002822,11.89,10.17,10.35,10.48,96.0,0.0,25825.75,25794.0
2025-11-13,Short Straddle,09:30:00,10:39:00,breakout_stop,25870.85,25927.95,268.1,152.75,234.0,168.8,420.85,402.8,451.25,96.87,354.38,0.003133,0.002555,10.87,10.62,10.36,10.47,69.0,0.0,25875.55,25826.9
2025-11-14,Short Straddle,09:30:00,14:30:00,time_stop,25854.85,25793.25,259.05,157.3,244.7,155.8,416.35,400.5,396.25,96.72,299.53,0.003767,0.003725,11.6,10.76,11.34,10.48,300.0,380.0,25854.85,25786.7
2025-11-17,Short Straddle,09:30:00,14:30:00,time_stop,25974.4,26000.05,234.2,134.55,206.95,141.3,368.75,348.25,512.5,94.72,417.78,0.003604,0.002841,11.86,10.95,11.12,10.83,300.0,0.0,25974.4,25934.1
2025-11-19,Short Straddle,09:30:00,10:18:00,breakout_stop,25910.85,25967.35,169.85,127.3,166.9,121.95,297.15,288.85,207.5,91.97,115.53,0.003599,0.00237,10.04,11.12,9.56,10.91,48.0,0.0,25913.45,25870.55
2025-11-20,Short Straddle,09:30:00,12:33:00,breakout_stop,26109.75,26167.25,144.5,117.6,140.8,103.7,262.1,244.5,440.0,90.43,349.57,0.002399,0.00319,9.16,10.93,8.64,10.14,183.0,110.0,26109.75,26088.15
2025-11-21,Short Straddle,09:30:00,10:18:00,breakout_stop,26173.7,26062.4,133.1,98.4,131.3,99.85,231.5,231.15,8.75,89.4,-80.65,0.003561,0.002508,8.77,10.61,9.28,10.36,48.0,0.0,26173.7,26118.0
2025-11-24,Short Straddle,09:30:00,11:45:00,profit_target,26100.25,26105.45,94.1,69.9,87.6,59.45,164.0,147.05,423.75,86.45,337.3,0.002657,0.003274,12.78,10.95,11.87,10.02,135.0,232.5,26113.7,26083.85
2025-11-25,Short Straddle,09:30:00,10:15:00,breakout_stop,25968.9,26021.95,62.4,43.65,69.5,39.85,106.05,109.35,-82.5,84.35,-166.85,0.003102,0.002927,11.78,13.01,13.56,12.6,45.0,150.0,25968.9,25940.75
2025-11-27,Short Straddle,09:30:00,13:12:00,breakout_stop,26280.1,26177.25,413.0,252.7,399.55,256.6,665.7,656.1500000000001,238.75,106.92,131.83,0.002943,0.003166,9.1618,11.1301,8.8703,11.2625,222.0,295.0,26288.75,26233.9
2025-11-28,Short Straddle,09:30:00,14:30:00,time_stop,26239.7,26216.0,410.0,235.1,416.65,220.75,645.1,637.4,192.5,106.11,86.39,0.002673,0.0031,9.1732,10.7596,8.9175,10.6455,300.0,118.75,26239.7,26214.0
2025-12-01,Short Straddle,09:30:00,11:00:00,breakout_stop,26285.25,26227.6,385.1,227.0,383.5,231.15,612.1,614.65,-63.75,104.9,-168.65,0.001672,0.002106,9.2833,10.6336,9.4377,10.6916,90.0,263.75,26289.65,26281.15
2025-12-02,Short Straddle,09:30:00,09:48:00,breakout_stop,26132.0,26072.0,372.0,233.2,410.9,215.55,605.2,626.45,-531.25,104.85,-636.1,0.002679,0.002537,9.2817,10.9338,9.8467,10.8957,18.0,531.25,26151.5,26127.05
2025-12-04,Short Straddle,09:30:00,10:18:00,breakout_stop,25983.85,26048.05,340.05,216.0,345.2,205.7,556.05,550.9,128.75,102.53,26.22,0.002188,0.002455,8.76,10.54,8.59,10.37,48.0,192.5,25995.85,25948.6
2025-12-05,Short Straddle,09:30:00,10:48:00,breakout_stop,26033.3,26121.85,334.2,205.9,347.1,180.0,540.1,527.1,325.0,101.78,223.22,0.002735,0.004095,8.8898,10.2557,8.4531,9.8347,78.0,146.25,26059.9,26033.3
2025-12-08,Short Straddle,09:30:00,09:51:00,breakout_stop,26137.0,26081.65,316.8,186.7,321.85,185.95,503.5,507.8,-107.5,100.51,-208.01,0.002047,0.00269,9.1357,9.8316,9.4962,9.7306,21.0,271.25,26174.15,26137.0
2025-12-09,Short Straddle,09:30:00,12:06:00,breakout_stop,25761.4,25889.25,344.95,186.25,307.95,187.75,531.2,495.7,887.5,101.14,786.36,0.003375,0.003519,10.283,10.4396,9.2677,10.102,156.0,86.25,25835.45,25761.4
2025-12-10,Short Straddle,09:30:00,12:30:00,breakout_stop,25904.55,25792.7,298.55,186.85,295.0,193.0,485.4,488.0,-65.0,99.75,-164.75,0.0026,0.003416,8.8351,10.4326,9.0891,10.5362,180.0,140.0,25904.55,25852.45
2025-12-11,Short Straddle,09:30:00,12:00:00,breakout_stop,25792.15,25862.8,294.75,177.25,299.8,165.55,472.0,465.35,166.25,99.09,67.16,0.003317,0.003676,9.452,9.9692,9.1478,9.8205,150.0,262.5,25798.25,25742.8
2025-12-12,Short Straddle,09:30:00,14:30:00,time_stop,26035.4,26038.5,262.6,163.75,253.95,156.2,426.35,410.15,405.0,97.12,307.88,0.002998,0.003296,8.521,9.3166,8.1416,9.0647,300.0,241.25,26035.4,25987.85
2025-12-15,Short Straddle,09:30:00,11:57:00,breakout_stop,25923.4,26016.1,269.95,151.25,253.7,147.2,421.2,400.9,507.5,96.86,410.64,0.003198,0.003208,9.2429,9.9389,8.6709,9.59,147.0,0.0,25961.0,25918.6
2025-12-16,Short Straddle,09:30:00,14:18:00,breakout_stop,25913.15,25858.6,247.2,145.4,243.95,144.2,392.6,388.15,111.25,95.89,15.36,0.002169,0.00273,8.9374,9.6329,9.0392,9.5318,288.0,238.75,25939.65,25913.15
2025-12-17,Short Straddle,09:30:00,10:09:00,breakout_stop,25909.65,25830.95,231.1,140.8,211.5,155.75,371.9,367.25,116.25,95.05,21.2,0.003003,0.002296,8.7534,9.5207,8.647,9.6883,39.0,78.75,25914.5,25883.55
2025-12-18,Short Straddle,09:30:00,10:33:00,breakout_stop,25786.2,25849.0,196.45,140.5,209.6,130.95,336.95,340.54999999999995,-90.0,93.73,-183.73,0.003537,0.002885,8.242,9.2208,8.5504,8.9944,63.0,201.25,25795.65,25778.85
2025-12-19,Short Straddle,09:30:00,14:30:00,time_stop,25961.35,25973.0,196.35,121.4,185.95,111.9,317.75,297.85,497.5,92.66,404.84,0.002365,0.002978,7.9228,8.926,7.0396,8.7004,300.0,18.75,25961.35,25929.7
2025-12-22,Short Straddle,09:30:00,14:30:00,time_stop,26135.75,26152.3,152.95,117.55,153.0,112.45,270.5,265.45,126.25,90.93,35.32,0.00291,0.002489,8.0885,8.7889,7.6355,8.9934,300.0,250.0,26135.75,26095.0
2025-12-23,Short Straddle,09:30:00,13:00:00,profit_target,26137.6,26189.7,145.15,111.45,127.7,103.1,256.6,230.8,645.0,90.1,554.9,0.002252,0.003114,8.282,8.7833,7.1113,8.3189,210.0,45.0,26165.0,26137.6
2025-12-24,Short Straddle,09:30:00,11:36:00,profit_target,26217.85,26209.8,128.2,80.45,114.0,73.35,208.64999999999998,187.35,532.5,88.21,444.29,0.00255,0.002811,6.6481,7.8767,6.0238,7.1403,126.0,0.0,26217.85,26173.7
2025-12-26,Short Straddle,09:30:00,11:30:00,breakout_stop,26111.7,26059.45,84.05,65.4,83.0,56.65,149.45,139.65,245.0,85.95,159.05,0.003931,0.002309,5.1768,7.415,5.3019,6.6062,120.0,0.0,26134.35,26111.7
2025-12-29,Short Straddle,09:30:00,10:27:00,profit_target,26067.6,26028.05,72.8,37.8,43.5,55.95,110.6,99.45,278.75,84.35,194.4,0.00127,0.00249,8.7176,7.6574,7.537,7.6537,57.0,73.75,26067.6,26048.65
2025-12-30,Short Straddle,09:30:00,10:30:00,breakout_stop,25886.0,25967.6,31.8,42.85,49.4,25.75,74.65,75.15,-12.5,83.04,-95.54,0.00281,0.003143,9.8717,9.989,10.67,9.8227,60.0,261.25,25915.35,25883.35
2025-12-31,Short Straddle,09:30:00,11:42:00,breakout_stop,26013.9,26068.55,354.0,174.5,350.3,169.35,528.5,519.65,221.25,101.36,119.89,0.002868,0.002758,8.2839,9.3796,8.0358,9.2461,132.0,56.25,26016.3,25983.65
2026-01-01,Short Straddle,09:30:00,14:30:00,time_stop,26175.15,26151.85,301.95,186.65,315.55,167.0,488.6,482.55,151.25,99.77,51.48,0.002953,0.003431,7.4724,9.2986,7.4315,8.9782,300.0,376.25,26189.55,26152.1
2026-01-02,Short Straddle,09:30:00,11:27:00,breakout_stop,26214.1,26273.25,328.0,160.5,336.1,158.3,488.5,494.40000000000003,-147.5,99.92,-247.42,0.002382,0.002575,7.8388,8.9489,7.9266,8.9875,117.0,147.5,26214.1,26172.2
2026-01-05,Short Straddle,09:30:00,14:03:00,breakout_stop,26284.1,26211.35,292.75,177.75,292.8,176.8,470.5,469.6,22.5,99.1,-76.6,0.003097,0.00312,8.1726,9.3895,7.5956,9.8274,273.0,462.5,26329.2,26284.1
2026-01-06,Short Straddle,09:30:00,10:00:00,breakout_stop,26190.75,26267.7,297.15,173.8,307.05,161.85,470.95,468.9,51.25,99.11,-47.86,0.003368,0.002522,8.5983,9.4607,8.3015,9.3922,30.0,70.0,26215.0,26173.85
2026-01-07,Short Straddle,09:30:00,14:30:00,time_stop,26137.35,26090.9,268.75,171.8,266.0,154.15,440.55,420.15,510.0,97.64,412.36,0.003824,0.003133,7.9025,9.4396,7.7942,8.7932,300.0,56.25,26156.95,26120.35
2026-01-08,Short Straddle,09:30:00,11:18:00,breakout_stop,26054.25,25983.05,259.4,156.35,260.0,173.0,415.75,433.0,-431.25,97.11,-528.36,0.00224,0.002857,7.4737,9.2074,8.1189,9.5782,108.0,431.25,26120.35,26054.25
2026-01-09,Short Straddle,09:30:00,11:33:00,breakout_stop,25847.85,25775.9,276.75,153.7,254.0,167.0,430.45,421.0,236.25,97.37,138.88,0.003654,0.004064,8.9114,9.1486,8.5401,9.3635,123.0,200.0,25937.6,25840.9
2026-01-12,Short Straddle,09:30:00,11:42:00,breakout_stop,25549.6,25480.6,288.0,174.55,270.15,185.9,462.55,456.04999999999995,162.5,98.71,63.79,0.003386,0.002969,10.9884,10.7094,10.7266,10.902,132.0,0.0,25613.2,25532.45
2026-01-13,Short Straddle,09:30:00,12:48:00,breakout_stop,25742.65,25667.3,247.0,187.3,250.2,175.25,434.3,425.45,221.25,97.53,123.72,0.002987,0.003733,9.6052,11.3408,9.1525,11.3281,198.0,208.75,25873.6,25742.65
2026-01-14,Short Straddle,09:30:00,13:51:00,breakout_stop,25732.5,25648.55,215.9,170.85,214.75,160.45,386.75,375.2,288.75,95.57,193.18,0.003253,0.003993,8.8582,10.5226,8.4533,10.4167,261.0,127.5,25737.5,25705.8
2026-01-16,Short Straddle,09:30:00,10:12:00,breakout_stop,25692.25,25784.95,208.6,144.0,204.35,141.0,352.6,345.35,181.25,94.23,87.02,0.003546,0.002487,9.3471,9.8128,9.3135,9.4466,42.0,36.25,25728.7,25692.25
2026-01-20,Short Straddle,09:30:00,12:09:00,breakout_stop,25494.3,25433.2,170.15,139.8,155.05,144.45,309.95000000000005,299.5,261.25,92.46,168.79,0.003181,0.003205,10.0202,11.1376,9.518,11.1852,159.0,323.75,25581.5,25488.35
2026-01-22,Short Straddle,09:30:00,10:57:00,breakout_stop,25404.75,25221.7,151.95,121.3,163.9,122.5,273.25,286.4,-328.75,91.27,-420.02,0.003921,0.003612,10.432,11.4223,10.8038,12.2673,87.0,526.25,25404.75,25314.6
2026-01-28,Short Straddle,09:30:00,10:06:00,breakout_stop,25331.95,25247.0,444.35,329.9,443.0,323.85,774.25,766.85,185.0,111.36,73.64,0.003379,0.003211,12.7256,14.8454,12.4228,14.9078,36.0,77.5,25353.65,25302.85
2026-02-01,Short Straddle,09:30:00,10:33:00,breakout_stop,25303.3,25382.15,398.4,317.45,382.0,320.15,715.8499999999999,702.15,342.5,108.91,233.59,0.003547,0.003047,12.0945,15.4686,11.8903,15.1751,63.0,0.0,25319.85,25281.35
2026-02-05,Short Straddle,09:30:00,09:51:00,breakout_stop,25717.1,25626.15,305.25,220.5,296.75,236.2,525.75,532.95,-180.0,101.45,-281.45,0.003006,0.00287,9.3021,12.3152,10.0283,12.2692,21.0,180.0,25734.6,25677.95
2026-02-06,Short Straddle,09:30:00,10:09:00,breakout_stop,25564.4,25509.75,302.8,203.0,289.15,202.85,505.8,492.0,345.0,100.38,244.62,0.003149,0.002519,9.7817,11.7404,9.3293,11.6713,39.0,0.0,25618.5,25564.4
2026-02-10,Short Straddle,09:30:00,10:33:00,breakout_stop,25921.6,25974.45,251.1,172.5,251.5,175.8,423.6,427.3,-92.5,97.26,-189.75,0.002814,0.002338,8.8757,11.1574,8.8074,11.373,63.0,92.5,25921.6,25904.1
2026-02-11,Short Straddle,09:30:00,12:42:00,breakout_stop,25965.75,25911.2,236.05,147.1,225.85,154.3,383.15,380.15,75.0,95.53,-20.53,0.002738,0.003166,8.7974,9.96,8.5032,10.2812,192.0,270.0,25994.45,25965.75
2026-02-12,Short Straddle,09:30:00,14:30:00,time_stop,25828.4,25825.8,206.25,163.95,195.2,158.05,370.2,353.25,423.75,94.83,328.92,0.002491,0.002985,8.9813,10.2729,8.5873,9.9472,300.0,35.0,25860.25,25828.4
2026-02-13,Short Straddle,09:30:00,13:48:00,breakout_stop,25559.9,25506.65,226.55,148.45,225.5,158.15,375.0,383.65,-216.25,95.34,-311.59,0.003498,0.003439,9.8547,10.5331,10.0459,11.0758,258.0,245.0,25598.55,25559.9
